,AFG,AGO,ALB,ARE,ARG,ARM,ATG,AUS,AUT,AZE,BDI,BEL,BEN,BFA,BGD,BGR,BHS,BIH,BLR,BLZ,BOL,BRA,BRB,BTN,BWA,CAF,CAN,CHE,CHL,CHN,CIV,CMR,COD,COG,COL,COM,CPV,CRI,CUB,CYP,CZE,DEU,DJI,DMA,DNK,DOM,DZA,ECU,EGY,ESP,ETH,FIN,FJI,FRA,FSM,GAB,GBR,GEO,GHA,GIN,GMB,GNB,GRC,GRD,GTM,GUY,HND,HRV,HTI,HUN,IDN,IND,IRL,IRN,IRQ,ISL,ISR,ITA,JAM,JOR,JPN,KAZ,KEN,KGZ,KHM,KOR,KWT,LAO,LBN,LBR,LBY,LCA,LKA,LSO,LTU,LUX,LVA,MAR,MDA,MDG,MDV,MEX,MHL,MKD,MLI,MMR,MNE,MNG,MOZ,MRT,MUS,MWI,MYS,NAM,NER,NGA,NIC,NLD,NOR,NPL,NZL,OMN,PAK,PAN,PER,PHL,PLW,PNG,POL,PRK,PRT,PRY,PSE,ROU,RUS,RWA,SAU,SDN,SEN,SLB,SLE,SLV,SOM,SRB,SSD,STP,SUR,SVK,SVN,SWE,SWZ,SYC,SYR,TCD,TGO,THA,TJK,TLS,TON,TTO,TUN,TUR,TUV,TZA,UGA,UKR,URY,USA,UZB,VCT,VEN,VNM,VUT,WSM,YEM,ZAF,ZMB,ZWE
2018-01-31,,,,,,,,,,,,,,,,,150.0,,,,,,,,,150.0,,,,,,,79730.0,,,,,,,,,,,,,,,,,,,,,,,,,,,,,,,,418.0,,,,,,,,,,,,,,,,,,,,,,,,,,,,,,,,,,,,,,,,,,6.0,,,,,,2422.0,,,,,,,,,,,,,,,,,,,19422.0,,,,,,,,,,,,,,,,,,,,,,,,,,,,,,,,,,,,,,,,,,,,,,
2018-02-28,1204.0,,,,,,,,,,,,,,,,,,,,,,,,,,,,,,,,,,15.0,,,,,,,,,,,,,,,,,,,,,,,,,,,,,,,,,,,,,,,,,,,,,,,,,,,,,,,,,,,,,,,,,,,,,,,,,,,,,,,,,,,,,,,,,,3703.0,,,,,,,315.0,,,,,,,,,,,,,,,,,,,,,,,,,,,,40.0,,,,,,,,,,,,,,,,,,128.0
2018-03-31,,,25.0,,,,,,,,646.0,,,,,,80.0,,,,307.0,,,,,64.0,3.0,,,,,,91580.0,,16.0,,,,,,,,,,,2750.0,,,,,39825.0,,,,,,28.0,,,,,,,,,,,23.0,,,4607.0,,,,,,,,,,,400.0,5345.0,,,,,,,,,,,,,,,,,,,,,,,,,,,,,,,,,200.0,,,,,,,16.0,,106.0,147.0,,,,,,,,,,,,,,,,,,,700.0,,,,,,,,,,,64.0,,,,,,,,,100.0,,,,,,,,,,,,1.0,
2018-04-30,9100.0,3937.0,,,1272.0,,,100.0,,,2576.0,,,,,,,,,,,,,,,30629.0,253.0,,,3600.0,,,47570.0,,30.0,,,,,,,,,,,4165.0,,417.0,29520.0,33.0,170760.0,,9975.0,46.0,,,,,,,,,,,,,,,,,4578.0,,,245.0,,,,,,2000.0,102.0,,188949.0,,,,,,,,12.0,,,,,,,,,686.0,,,,,,3204.0,,,,,,9854.0,27.0,11.0,,,,,,,81.0,,50.0,,1484.0,2527.0,,,,,,,,,59.0,324.0,,61500.0,,,6000.0,,,,36200.0,,,,,1.0,,,158000.0,,,544.0,,,,,,,,15072.0,2221.0,,,659.0,,,,,,,,,,
2018-05-31,103908.0,,,,,,,,,,2218.0,50.0,,,,,,,,,,,,,,16556.0,1836.0,,,32437.0,1400.0,,74316.0,,1540.0,,,,,,,0.0,3402.0,,,7770.0,,,,,564377.0,,,43.0,,,,,,,,,,,,,,,17.0,,12128.0,235.0,,,9112.0,,,100.0,7.0,,,,30380.0,,92.0,,,,,,2728.0,,50530.0,,,,,,,450.0,,,,,,9107.0,,,,,,,4669.0,,209.0,6080.0,106.0,,,,,10000.0,,,1740.0,227.0,,58292.0,,,,,,,,,,4365.0,,,,3790.0,247366.0,,2240.0,,,,300.0,,,,,,,879.0,395.0,,,,,,,6500.0,3135.0,,30.0,2814.0,,,,109.0,,,10860.0,,,
2018-06-30,22570.0,,,,,,,,,,,,,,14478.0,,,,,,,,,,,25294.0,3231.0,4.0,,202650.0,136.0,200.0,37152.0,,535.0,,,,51000.0,,12.0,,,,,,,250.0,,,468000.0,,,283.0,,,115.0,,2300.0,,,2898.0,24.0,,12823.0,,,,,,2045.0,379109.0,,,,,,,,,3676.0,,66.0,,2438.0,,,,,,17379.0,,54.0,,,,,,,,,90.0,,,2.0,95570.0,,,1681.0,,,,53.0,,,,,,,,120.0,,234.0,,485.0,106287.0,,,,,,,,,,,,11664.0,,,,,,102.0,2031.0,,,,,25.0,,,,,,45.0,,,,,,,,,,,,23874.0,,,,43.0,,,33800.0,,,
2018-07-31,24496.0,,,,,,,300.0,,,,,,558.0,1260.0,50.0,,,,,,,,,,4027.0,245.0,,,1083300.0,1008.0,,3980.0,,7.0,,,,,,,,,,,11740.0,,,,,1643.0,50.0,,,,,,308.0,,,,,11271.0,,,123.0,,,,,3833.0,4179.0,,,,,,50.0,,,2044249.0,,200.0,,7004.0,,,,,15000.0,,,134.0,,,,,,,,,,,,,3800.0,,1861.0,,,,,26.0,,3634.0,5776.0,,,,3594.0,,,,,27.0,865565.0,,,,,,,,900.0,757.0,,,3361.0,,,,,2256.0,,,,,274.0,,100.0,,,312400.0,,,2123.0,,,,,,,,,6980.0,,69.0,27920.0,,,8.0,8486.0,,,,,,
2018-08-31,187174.0,,,,50.0,,,113.0,,,,,94.0,2950.0,,,,,,,,,,,,36526.0,615.0,,9.0,813656.0,,,93300.0,,30000.0,,,,,,,,,,,,15.0,,,2620.0,139410.0,,,1600.0,,,,,2.0,1445.0,,,500.0,,1280.0,,,,,,703879.0,1570120.0,,,,,,,,,100247.0,,20390.0,,33351.0,550.0,,,,101.0,,,,,,,,,,,,1613.0,,,103.0,158833.0,,,9.0,,,,,,17534.0,200.0,,,,2224.0,,,1000.0,,,200440.0,,2000.0,,,299.0,,,,,,,9587.0,,,,,,,10.0,,,,,,,,,2000.0,,788.0,,,,,,78.0,,,,,,7825.0,,,30000.0,6408.0,11380.0,,,,,5.0
2018-09-30,239162.0,,,,50.0,,,10.0,,,,,,,52798.0,,,,,,,23.0,,,,33203.0,1873.0,,,1769400.0,2017.0,,138160.0,,300.0,,,,,,,,,344.0,,,,,,,85860.0,,,,,,,,100000.0,,,,1300.0,,,,,40.0,,,433050.0,480415.0,,,,,,700.0,,,41900.0,,1560.0,,,,,1021.0,,,67053.0,,,,,,,,,,,3344.0,,,319.0,2240.0,,,270.0,445.0,,2000.0,104.0,,,141369.0,,,,,,,,,,,,,,68824.0,,,,,,,,15730.0,,,,,,,10492.0,,,,,,10.0,,46536.0,,,103.0,,,,,3280.0,50.0,,,249.0,,10.0,36850.0,,,,2982.0,452.0,,,,20.0,
2018-10-31,287710.0,552.0,,,704.0,,,1.0,,,,,,1844.0,,,,,,,186.0,,,,,27067.0,200.0,,,400.0,10.0,,377444.0,,1070.0,,,2793.0,300.0,,,,,,,,,,,24.0,,,,1813.0,,,,,2000.0,,,,,,,,3019.0,,10065.0,,228060.0,350000.0,,177.0,,,,,,,183393.0,,780.0,,5.0,470.0,,,,,,,5843.0,,,,,,,,,,,,1512.0,2542.0,,,,,,,2534.0,,,,2880.0,,,,,,,,,1585660.0,,,,,61.0,10000.0,,,360.0,,,200.0,,,,,31622.0,,5349.0,,,,36.0,,,,,,,,,,,500.0,26.0,,,,8858.0,,42.0,12125.0,,,,,,,19860.0,,,
2018-11-30,53672.0,,,,2399.0,,,9330.0,,,,,,,,,,,,,,83.0,,,,63061.0,450.0,,,67449.0,,,47000.0,,11.0,,,,,,,,,,,,,,,,9.0,,,216.0,,,,,,,,,,,3925.0,,,,,,16402.0,250141.0,,,34809.0,,,1300.0,,,,,3120.0,,,,,,,,,,,,,,,,,,,,,,70000.0,2800.0,,1055.0,194.0,,,107.0,1518.0,,,1786.0,,,,,5.0,,,,,487989.0,,,,,,,,,,,,,,,,,5170.0,,11044.0,,,,,,,,,,,,,,,,,,,,,,69.0,238960.0,,,,102025.0,,,,,,
2018-12-31,40607.0,,,,,,,240.0,,,,,,,,,,,,,53.0,,,,,37644.0,,,,15757.0,,392.0,,,,,,,520.0,,,,,,,,,158.0,,,97160.0,,,42.0,,,,,5000.0,,,,,,4086.0,,,,,,52100.0,31600.0,,,5558.0,,80.0,600.0,,,,,456.0,,,,,,,,,,,,,,,144.0,,,10.0,,,,174.0,3940.0,,,464.0,,,2517.0,3254.0,,,8448.0,,,,,11.0,,18.0,,,169.0,,,,,,,,,,,,16000.0,,940.0,,,249.0,,,,,,,,,,23480.0,,,,,,,,,,,,,,,2041.0,,,,22885.0,315.0,,,,,
2019-01-31,19757.0,,,,11167.0,,,368.0,63.0,,467.0,,,28000.0,,,,,,,10155.0,,,,,36913.0,40.0,,391.0,77.0,,1823.0,53125.0,,1637.0,,,,,,,,,,,,1778.0,,,,2000.0,,2327.0,,,,,,,,,,,,,,,,,,15927.0,,,,,,,,,,37.0,,,,14.0,,,,,,,,,,,,,,,2017.0,,1254.0,,,3280.0,8595.0,,,517.0,,82.0,176.0,2918.0,,1255.0,9031.0,,,144.0,,,,56.0,,379.0,662495.0,,118.0,,,,,,,,,,1971.0,,,2500.0,,,,3557.0,,,,,,,,4903.0,,,31665.0,,,,,,,,,,,5481.0,1011.0,,,,561.0,,,,159.0,,800.0
2019-02-28,7.0,4890.0,,,,,,1160.0,,136.0,,,,,42.0,,,100.0,,,1010.0,700.0,,,,17184.0,35.0,,1904.0,400.0,,147.0,60398.0,,4696.0,,,,9916.0,,,,,,,,,123.0,,,9.0,,95.0,10.0,,,,,800.0,,,,,,,,,,,,12214.0,1107.0,,,,,,,,,5.0,,,,285.0,,,,,,,,,,,,,,,22.0,,38.0,,,,4016.0,,,22.0,,,859.0,100.0,,,18730.0,,,,,512.0,,791.0,,3085.0,693623.0,,414.0,,,,,,,,,77.0,2600.0,,,,,,,12041.0,,,,,,,,10700.0,1952.0,,,,,,,32.0,,,,980.0,,,2963.0,,,,176.0,1000.0,,,,,200.0
2019-03-31,46302.0,277.0,,,,,,2400.0,,,447.0,,,12.0,1470.0,,,,,,564.0,,,,,5782.0,250.0,,378.0,9488.0,,583.0,41508.0,,1650.0,,,,,,,30.0,,,,,,781.0,,,71293.0,,,11.0,,,,,4412.0,,,,,,11964.0,,86.0,,6.0,,30398.0,50000.0,,,,,,54.0,,46.0,,,637.0,455.0,664.0,,,,,,445.0,,,,,,,,,500.0,,2120.0,,,104604.0,9780.0,,,400000.0,,408.0,188874.0,293.0,,3970.0,9388.0,,,,3870.0,8.0,,16805.0,,724.0,14784.0,,418.0,,,,9270.0,,,,5021.0,,6000.0,,,,,141.0,,46202.0,,,,,,,,60759.0,8625.0,,,,,,,,7.0,,1545.0,554.0,5.0,,11853.0,,,,,,,,,,64000.0
2019-04-30,90845.0,,,100.0,6640.0,,,,,,74.0,,,25302.0,,,,,,,74246.0,4825.0,,,,4649.0,1115.0,,,22190.0,,792.0,452.0,,3918.0,48949.0,,,,,,,,,,,,,,320.0,8602.0,,67.0,48.0,,,5.0,,1200.0,,,,,,,,,,,,35724.0,6599.0,,,37252.0,,,,,,,,975.0,,320.0,4011.0,,,,,50.0,,2863.0,,,,,,,,,1056.0,,,215.0,108.0,,,23760.0,,,8.0,,,20373.0,22435.0,,,326.0,,,,30.0,,,15214.0,,,,,,13977.0,,,,,,2.0,,,,,,,,,,,,,,,14250.0,3192.0,,,,,,,,,,,900.0,2.0,,2517.0,,,,130.0,,,38748.0,1300.0,,
2019-05-31,1820.0,,,,700.0,,,,,,128.0,,,,1600800.0,,,15.0,,,778.0,2856.0,,,,12640.0,11561.0,,4.0,8469.0,396.0,2947.0,753.0,,1247.0,,,,,,,,,,,,,,,,1032.0,,,,,,,,2175.0,20018.0,,,,,,,,,,,2781.0,2270739.0,,,4056.0,,500.0,,,,5.0,,487.0,,19.0,,,,,,,,,,,,,,,,,10000.0,,,646.0,,,,,,,,51.0,,,13869.0,,,,,,,,205.0,4319.0,17769.0,,939.0,,,,55410.0,,,,,,,,,,,9666.0,,42210.0,,,,,,,,,29669.0,,,,,,,,288.0,,,838.0,,,5950.0,,,,789.0,,,,,,
2019-06-30,9669.0,,245.0,,268.0,,,131.0,,,,,,,153.0,,,159.0,,,,239683.0,,,,10.0,11000.0,10.0,231.0,474601.0,,30.0,211000.0,,13428.0,,,,,,,,,,,,,298.0,,592.0,197957.0,,,175.0,,,100.0,,,,3958.0,414.0,,,1206.0,,,,2069.0,114.0,14921.0,270906.0,,,325.0,,,,,,1639.0,,398.0,,18.0,,,,,269.0,4980.0,,60.0,,,,,,,,44.0,639.0,,,30048.0,1600.0,,13.0,,,,,1104.0,,70307.0,70413.0,,,,,3.0,,,,,62991.0,,,,,9.0,53747.0,,460.0,,,,17647.0,,,,,1405.0,457.0,33483.0,,,,,,,,,7415.0,,,4811.0,,,,,14.0,,,1511.0,7.0,10123.0,8994.0,,,,187.0,,,,,,
2019-07-31,24000.0,,,,,,,,,,,,,6100.0,192600.0,,,,,,,7593.0,,,,500.0,10.0,,,830957.0,,1600.0,,,1430.0,,,94.0,,,,650.0,,,,,,,,,26900.0,,,209.0,,,,,521.0,,,,2300.0,,92.0,,,,57.0,,54114.0,1033.0,,200.0,,,,170.0,,,8681.0,,156.0,315.0,23.0,33.0,,,,,148707.0,,,,,,,,,,,1732.0,,,20654.0,84042.0,,,,,,,1713.0,,1888.0,3035.0,,,,97481.0,,,323.0,,1196.0,52252.0,,20375.0,,,,,,,11076.0,,,22132.0,,,,,15360.0,,,,,,,,,,500000.0,,2000.0,,,,,,,,,,1960.0,2.0,,5331.0,,,,18.0,,,,,,
2019-08-31,2433.0,,,,,,,,,,,,562.0,,,,,,,,31.0,296.0,102.0,,,805.0,200.0,,,2240662.0,,5430.0,800.0,,2254.0,,,,,,,,,,,,,,,21006.0,18302.0,,,22.0,,,1400.0,,228.0,,,,200.0,26.0,2235.0,,,,895.0,,4074.0,3255577.0,,,,,,146.0,,,12620.0,,998.0,,9398.0,92.0,,,,330.0,21653.0,25.0,,,,192.0,,200.0,,,,840.0,,,5653.0,265335.0,,,108.0,,,,71.0,,3446.0,117291.0,,,,104.0,8.0,,26988.0,,,97274.0,,2758.0,,,,,,,,,,41399.0,,,5318.0,,9.0,,118193.0,,,,,,,,1206000.0,7170.0,,,,,,,,,,,490.0,10.0,,9767.0,,,,22525.0,,,,,,
2019-09-30,58754.0,,,,103.0,,,400.0,,,,,,75484.0,,,70000.0,,,,716.0,255.0,,,,35091.0,421.0,,,30443.0,14.0,,48395.0,,,,,175.0,,,,,,,,4908.0,2.0,60.0,,5956.0,77000.0,,,172.0,,,,,,,,,,,,,,,120.0,,233631.0,124117.0,,,2000.0,,,,,,4572.0,,780.0,,53263.0,57.0,,102416.0,,,33959.0,,46604.0,,,,,2.0,,,,4402.0,,,,3700.0,,,3147.0,6630.0,,,87.0,,68346.0,34547.0,,,,336.0,19.0,750.0,10852.0,,,19413.0,,,,6362.0,,,,,,,,228338.0,,4.0,,22.0,47.0,,71589.0,,,,,,,,,8394.0,,28885.0,,,,3.0,,,,,2465.0,4.0,,457310.0,,,80.0,10934.0,,,,1015.0,,
2019-10-31,35069.0,,,100.0,5300.0,,,143.0,,,236.0,,,19004.0,244.0,,,,,,,18779.0,,,,500.0,6028.0,,,3618.0,722.0,25012.0,329096.0,50000.0,11319.0,,,83.0,,,,,,,,,,19.0,,,147740.0,,20.0,680.0,,,136.0,,2967.0,18.0,,,,,8020.0,,300.0,,65.0,,30892.0,12401.0,,604.0,652.0,,,178.0,,,237008.0,,24981.0,,,1546.0,,,200.0,,,,1661.0,,,,,,,,252.0,5961.0,,,6233.0,369.0,,,132.0,,,,4195.0,,23011.0,36480.0,19.0,,,,,329.0,1142.0,,156.0,29992.0,,,,,53.0,315.0,75.0,,59.0,,16.0,2031.0,6158.0,,,1850.0,334155.0,,429931.0,,,,,,,,,1468.0,,,,,,,,2024.0,,1445.0,4860.0,,611.0,388948.0,,,,86.0,,,401414.0,,,400.0
2019-11-30,433766.0,500.0,,20.0,147.0,,,283.0,209.0,,496.0,10.0,,12.0,2106918.0,,3000.0,,,,,12233.0,,,,60481.0,985.0,,150.0,935.0,10.0,2230.0,89263.0,,5650.0,,,30.0,,,,,5000.0,,,,,26.0,,17654.0,57000.0,,,4095.0,,,3123.0,,,,,,,,5037.0,,,,114.0,,3790.0,189064.0,,13653.0,419.0,,54.0,882.0,,,,,19500.0,,6173.0,,,124.0,,,,,,,,,,,,548.0,,5723.0,200.0,,19569.0,3113.0,,,406.0,,49.0,,1029.0,,964.0,33923.0,490.0,,,78.0,,,4.0,32.0,55.0,105443.0,,479.0,,,,,244.0,,52.0,,,22.0,,,,,27778.0,,,,,,,,,,222392.0,912.0,,,,,,,,,,,882.0,16.0,114.0,19194.0,,,,20000.0,,,18651.0,7.0,,
2019-12-31,32635.0,60.0,,,,,,2298.0,,,9968.0,,185.0,,,,14000.0,,,,,3414.0,,,,,330.0,,735.0,60.0,,16595.0,35165.0,3002.0,10101.0,,,7.0,,,,,,,,,,30.0,,104.0,55000.0,,2500.0,886.0,,,575.0,,,,,,,,3535.0,,,,,,47619.0,520.0,,,325.0,,,616.0,,,,,505.0,,,,,,1342.0,,1600.0,,,,,,,,,2300.0,,570.0,,,2534.0,6190.0,,,3497.0,,335.0,103.0,51636.0,,7670.0,172.0,,,,,135.0,,1217.0,,309.0,2066340.0,,,,,566.0,,205.0,,,6478.0,,5700.0,,,,,14500.0,,4490.0,,,,,,,,2850.0,1700.0,,642.0,,,,45.0,,,,957.0,57417.0,,2100.0,90.0,,,,,,,9817.0,319.0,1252.0,
2020-01-31,36491.0,1518.0,,600.0,722.0,,,82002.0,,,13765.0,,,4.0,,,,,,,164.0,105000.0,,,,36264.0,170.0,,117.0,8000.0,200.0,7990.0,211909.0,8.0,4203.0,,,632.0,2000.0,,,,,,,,,50.0,,500.0,2000.0,,3215.0,2000.0,,,,,,,,,,,4084.0,,,,,,415260.0,56.0,,,,,11.0,7.0,,,,,1552.0,254.0,,,,,,,13408.0,,,,,,,,,17857.0,,800.0,,,11957.0,2453.0,,,14322.0,,51.0,,212.0,,2371.0,7206.0,77.0,,,,4.0,18.0,16270.0,,281.0,512379.0,,181.0,,,,,28.0,,,,,41227.0,,,,,,,27344.0,,,,,,,,350000.0,7279.0,,,,77.0,,,,317.0,200.0,288.0,118.0,,2.0,91.0,,,,4.0,,,,4.0,640.0,35.0
2020-02-29,36750.0,9935.0,,,1541.0,,,13011.0,,,24321.0,,,150000.0,,,,,,,1149.0,22293.0,,,,27499.0,95.0,,2619.0,200.0,,12651.0,434094.0,,2886.0,,,,,,,2.0,,,,,,325.0,,1420.0,7200.0,,,,,,818.0,,200.0,66.0,,,,,,,,,,,60271.0,380.0,5.0,30204.0,,,,,,,,23000.0,3530.0,,,,,,231.0,,765.0,,,,,2.0,,,,,,,,,10630.0,8645.0,,,2188.0,,,1845.0,50.0,,6123.0,8294.0,,,,,2667.0,,25.0,,3359.0,855.0,,,,,,5.0,64.0,,,60.0,,37659.0,,,,,,,16179.0,,,,,,,,,4405.0,,,,,,,,29448.0,,,666.0,,,2317.0,,,,,,,32500.0,257.0,559.0,148.0
2020-03-31,115398.0,11241.0,,,131.0,,,,,,1746.0,,,60000.0,,,,,,,12130.0,15870.0,,,,26133.0,,,,,10.0,2477.0,171754.0,,4233.0,,,,,,,,,,,,,,,,39200.0,,,51.0,,10.0,40.0,,,,,,,,11910.0,,885.0,200.0,8.0,,7826.0,658.0,,300.0,975.0,10.0,2000.0,14.0,,138.0,1.0,,386.0,,,,,,,,4650.0,,6.0,,,,,,,80.0,,1043.0,,,24058.0,29708.0,,,24210.0,,62.0,,18.0,200.0,19947.0,3437.0,,,,,,,291.0,,1049.0,9753.0,,752.0,,,,,28.0,,,4210.0,,1909.0,,11.0,,,64000.0,,80884.0,,,,,,,,960000.0,26353.0,,,,1064.0,,,,,,16742.0,141.0,,,2204.0,,,,1296.0,,,51321.0,,1500.0,
2020-04-30,70708.0,643.0,,,494.0,,,,,,40902.0,,,,,,,,,,,10333.0,,,,7137.0,13788.0,,9.0,30667.0,10.0,15553.0,1130855.0,,2318.0,,,,,,,,2.0,,,,,192.0,,91.0,1383.0,,8240.0,,,,,,,,,,,,,,,,200.0,,8351.0,4416.0,,3778.0,,,,,,,,,55317.0,,,1200.0,,4.0,,300.0,6825.0,,32.0,,,,,,,,,1530.0,,,3978.0,8571.0,,,104.0,,,4.0,485.0,,32993.0,3174.0,19.0,4003.0,,,15.0,,499.0,,1364.0,9570.0,,2561.0,,,,,8.0,,,,,22.0,,438.0,,,104491.0,,21315.0,,,,,,,,4.0,3641.0,,,,,531.0,,,,,13154.0,1076.0,200.0,,5571.0,,,,8.0,132504.0,,18882.0,,,
2020-05-31,41310.0,,,,,,,10.0,,,11606.0,,,,3540570.0,,,,,,,4656.0,,84.0,,16016.0,587.0,,246.0,1427.0,125.0,1278.0,593334.0,,2729.0,,,,728.0,,,,,,,,,119.0,,,311320.0,,,278.0,,,114.0,,7.0,221.0,,,,,,,,,82.0,,12434.0,1546309.0,,47.0,,,67.0,,,,,31606.0,140828.0,,,329.0,,,,,,,1293.0,,,,,336.0,,,,4.0,,,6695.0,14244.0,,,12198.0,,,164.0,213.0,,17045.0,6043.0,29.0,,,2.0,,100.0,277.0,47.0,53.0,341552.0,,,,,,,30.0,,191.0,1735.0,,25845.0,,,11.0,,443840.0,,76928.0,,,,,,,,,3872.0,,320.0,1525.0,,,,,288.0,,10540.0,117237.0,,,18233.0,70000.0,,,1732.0,,,11358.0,4.0,,
2020-06-30,34661.0,,,,,,,,,,,,9.0,3947.0,4132.0,,,,,,454.0,2961.0,,,,4375.0,2140.0,,188.0,508358.0,80.0,8108.0,60009.0,,2515.0,,,37.0,,,43.0,,,,,,,300.0,,,809.0,,,132.0,,,,,200.0,,,,,,967.0,,60.0,,67.0,14.0,5843.0,133295.0,,,,,,56.0,,,,,9652.0,,,,,,,500.0,27750.0,,,,,,,,,,,12025.0,,,21256.0,10880.0,,1905.0,49.0,,,,1272.0,,813.0,14863.0,,,18.0,173.0,3.0,,102.0,,58.0,9841.0,,,400.0,,,,157.0,282.0,,,,34555.0,,,,12681.0,7230.0,247.0,32029.0,,,,,,,,1140.0,654.0,,,,,,,,38.0,,,5267.0,948.0,365.0,22742.0,,,,121.0,,,13422.0,,,
2020-07-31,27221.0,49.0,,,65.0,,,52.0,,,8.0,,,4457.0,6882.0,,,905.0,,,,8709.0,,,,5464.0,242.0,,270.0,1157413.0,1680.0,2999.0,36721.0,,1787.0,,,,,,,,,,,,6.0,22.0,24.0,,8429.0,,,50.0,,,,150.0,7.0,,,,4000.0,,,,,,12250.0,,39229.0,159367.0,,263.0,,,,,,,13463.0,,3273.0,,,777.0,,,,2500.0,,,114.0,,,,,,,,,1625.0,,,27194.0,41558.0,,3335.0,36.0,,,,2923.0,,17032.0,20856.0,,,,21892.0,22.0,,4934.0,,68.0,10469.0,,,22.0,,,,42.0,,52.0,,,45028.0,,,,,43038.0,,45358.0,,,,,,,,,8544.0,,,,,,12.0,,311.0,,,1730.0,30.0,,13181.0,,,,846.0,,,16266.0,68.0,10.0,
2020-08-31,147657.0,,,,303.0,,,,,,127.0,,,29327.0,889808.0,,27.0,,,,3.0,1697.0,,117.0,,3188.0,4828.0,,,1248170.0,1500.0,27678.0,83512.0,,118.0,,,,417664.0,,,,,,,24125.0,9548.0,,,4728.0,103926.0,,,2930.0,,,598.0,10.0,,,,,4860.0,,8025.0,,,,,,6608.0,108579.0,,,,,204.0,350.0,,,,,33910.0,,,10821.0,,,,,,,43.0,,,,,,,,,1852.0,,,24575.0,1872.0,,,1018.0,,,296.0,,,17531.0,15398.0,,,,581.0,,,25790.0,,102.0,8866.0,,,,2545.0,,,205.0,,,,600.0,54670.0,,,,80.0,26069.0,,505680.0,,,,,,,,,66320.0,,8761.0,,,,6.0,,157.0,,,9680.0,2.0,,744775.0,,,,1019.0,,,22351.0,,,
2020-09-30,198517.0,,,,396.0,,,,,,343.0,,20.0,41122.0,64140.0,,,,,4085.0,,1304.0,,,,18905.0,,,2.0,761116.0,,7617.0,107752.0,,1782.0,,750.0,745.0,,,,,,,,,,,,75.0,31618.0,,,3850.0,,,,,1791.0,2154.0,,,3000.0,,8995.0,,293.0,,1421.0,,25142.0,137786.0,46.0,37.0,13.0,,4.0,,,,174904.0,,156.0,,475.0,5911.0,,,,,,,2427.0,,,,,,,,,1103.0,,,18214.0,18610.0,,,8197.0,700.0,,45.0,766.0,,249163.0,313508.0,672.0,,,1293.0,5.0,,527574.0,,977.0,7783.0,,,,2800.0,,,136.0,,,,,3327.0,3285.0,,,,164000.0,,268548.0,,,,,,,,,13893.0,,58.0,,,,,,,,181.0,74.0,35.0,,205594.0,,,,106992.0,,,36132.0,65.0,,
2020-10-31,84561.0,,,,,,,95.0,,145180.0,552.0,,7000.0,1527.0,,,,,1.0,,93.0,200.0,,36.0,,2952.0,100.0,13.0,,21000.0,14670.0,420.0,40143.0,,85.0,,,61.0,6652.0,,,,,,,,,,200.0,3.0,6700.0,,,958.0,,,14.0,,,30.0,15646.0,,,,1000.0,,,,6125.0,,15722.0,96055.0,,,,,10000.0,28.0,,,,,7428.0,,65775.0,,,,,,,,26.0,,,,,,,,,13731.0,,,10855.0,13717.0,,,12483.0,,,21.0,394.0,,5424.0,16313.0,29.0,,,,202.0,,,,96.0,72063.0,,,,,8.0,,81.0,5.0,,,,32066.0,,,,109.0,28224.0,,19702.0,,,60.0,,,,,50000.0,12354.0,,230.0,,,,9.0,10000.0,200.0,,5.0,17994.0,1000.0,,128381.0,,,,792006.0,,,14220.0,,,
2020-11-30,30173.0,,,,,,,5.0,,,745.0,,,17961.0,21.0,,,,,288.0,,3500.0,,,780.0,123.0,,,,,,959.0,14489.0,,16507.0,,,1206.0,246309.0,,,,,,,10460.0,25.0,,,,139328.0,,,,,,,,,,,,807.0,,2200.0,,88023.0,,,,12560.0,272506.0,,,,,2120.0,1040.0,48.0,,,,70.0,,,,,,300000.0,,,,154.0,,,,,,,,,13810.0,,,3500.0,7182.0,,,45641.0,,,4977.0,1223.0,,14102.0,10018.0,134059.0,,,,400.0,,154.0,832.0,525.0,2950395.0,,,,,,,169.0,,,,,2.0,,,,2123.0,196428.0,,17027.0,,,,,,,,,3921.0,,,,,,,,6710.0,,,5.0,,,3723.0,,,1346.0,27090.0,,,7254.0,158.0,10.0,200.0
2020-12-31,35668.0,,,,,,,26.0,,,1890.0,,,,,,,,,,,,,,,185008.0,282.0,,,,,,71410.0,,968.0,,,,,,,,,,,,15.0,,,,535412.0,,23479.0,59.0,,,2990.0,,,,,,,,,,,40000.0,,,99889.0,72970.0,,867.0,,581.0,7.0,422.0,,,,,,,,,,,,,,,99030.0,,,,,,,,,,,,26898.0,13690.0,,,6175.0,,,9471.0,14206.0,,27049.0,8595.0,,,1000.0,,469.0,,4.0,,,151049.0,,,,,20.0,,75.0,,,,,,,,,,,,8146.0,,,,,,,,,770.0,,4122.0,,,,,,,,,,,,68769.0,,,,59382.0,,53.0,5202.0,5000.0,578.0,1715.0
2021-01-31,33936.0,,251.0,,4.0,37.0,,805.0,,,1646.0,,,2881.0,,25.0,,,,,310.0,10934.0,,,,84886.0,64.0,109.0,26200.0,,,1400.0,204864.0,,44.0,,,,,,,180.0,,,,,,,,,136116.0,,,127.0,,,385.0,,111.0,,,,120.0,,,,,,,,311815.0,946.0,,,,77.0,77.0,40.0,,,83.0,,8.0,,,,,,779.0,,,,420.0,,,,,10.0,,600.0,,,,,32634.0,4005.0,,,,,,,47300.0,255.0,19247.0,4740.0,,,,,106.0,,,,,53852.0,,100.0,,,,,82.0,,,,,126237.0,,,,,,34.0,36749.0,,,,,,105.0,,77516.0,6026.0,,907.0,,,,,,,,41.0,,,,25636.0,,,,,,,4020.0,630.0,,2208.0
2021-02-28,41469.0,85.0,,,,,,784.0,,,1603.0,,,14814.0,,,,,,,,73501.0,,,,67169.0,,,415.0,,,,284159.0,,,,,,,,,,,,,,,550.0,,175.0,251645.0,,14322.0,903.0,,,12.0,,124.0,,,,16.0,,,,,,,,170552.0,226.0,,3579.0,15017.0,75.0,154.0,18.0,,,294.0,,,,,450.0,,,11.0,,,,5.0,,,,,,,,,306.0,,,9870.0,850.0,,,43327.0,,,,1216.0,,4411.0,15205.0,,,,,,,,,,282281.0,,2924.0,,,3.0,,305.0,,,,,,,,,,,,47841.0,,,,,,,,91410.0,2000.0,,,,,,,,,,12518.0,2.0,,,995.0,,,,22.0,,,13452.0,,,
2021-03-31,34788.0,2772.0,,,,,,40000.0,,,2056.0,,,9800.0,,,,,,,,30720.0,,,,36371.0,390.0,,,1600.0,,10741.0,381161.0,,19579.0,,,,,,,,,,,660.0,1596.0,,,55.0,413118.0,,2.0,76.0,,,,,200.0,,696.0,,4368.0,,,,,,3000.0,,3551.0,47.0,,2322.0,,,154.0,,,,,,,,,,,,,,,,25.0,,,,,,,4000.0,,1550.0,,,7950.0,6823.0,,600.0,,,,200.0,128.0,,5642.0,38852.0,,,64.0,42.0,28127.0,,156.0,,,86326.0,,63.0,,,20.0,,81.0,,,,,35757.0,,,,,,,105628.0,,,,,,,,52070.0,5700.0,,900.0,,,,,,180.0,,,2810.0,,,6803.0,,,,1004.0,,,9066.0,,1272.0,
2021-04-30,29347.0,19486.0,,,127.0,,,,,,13989.0,400.0,,1656.0,,,,,,,93.0,52465.0,,,,30037.0,55.0,,,3168.0,,183187.0,1442097.0,,23327.0,,,263.0,,,,,,,,,,,,,455709.0,,,152.0,,,,,1730.0,,,,130.0,,1006.0,,,,559.0,,92778.0,,,71.0,8134.0,,77.0,,,,7.0,69.0,31989.0,,138.0,,,,,,,,28.0,,,,,,,,,400.0,,,15820.0,113000.0,,,11104.0,,,,100.0,,6949.0,23627.0,,,275.0,281.0,,,12.0,1656.0,,153168.0,462.0,5191.0,,,,,18.0,,,,,56976.0,,,,,60000.0,,188475.0,,,,,,,,53803.0,1500.0,,520.0,,15876.0,,,,,,30005.0,2281.0,,,1611.0,,,,7.0,,,4206.0,2.0,,
2021-05-31,122749.0,,,,,,,,,,70891.0,,,35276.0,17567.0,,,,,,,54145.0,,,,60454.0,697.0,,,140146.0,,,836475.0,,30476.0,,,,,,,,,,,,,1463.0,,,262856.0,,,33.0,,,,,152.0,,,,920.0,,1983.0,,,,,,2093.0,2494124.0,,526.0,,,28.0,,,,2.0,72.0,62768.0,40649.0,4740.0,,,,,,,,1966.0,,,,,,,,,1500.0,,,4596.0,17644.0,,,,,,,5645.0,,16509.0,217932.0,,,,71.0,675.0,,,,,37060.0,,468.0,8.0,,,,113009.0,142.0,132.0,14157.0,,875.0,,,,215.0,261600.0,,71550.0,,,,,,,,30569.0,,,,15521.0,,,,,,,3348.0,17321.0,,,2250.0,,22759.0,,206.0,,,5086.0,2.0,,
2021-06-30,144375.0,,,,,,,6.0,,,3.0,,,25571.0,200.0,,,,,,,12343.0,,,,52800.0,,35.0,35.0,108626.0,,,1768885.0,,12485.0,,,,,,2760.0,,,,,,,,,,169857.0,,,807.0,,,,,250.0,,,,,,,216.0,,,,,9913.0,5514.0,,4872.0,1400.0,,1562.0,,,,,,12.0,8000.0,556.0,,,,22.0,,,,50051.0,,,,,,,,,694.0,,,89160.0,15583.0,,,83680.0,,,,,,8325.0,27428.0,,,500.0,25.0,421.0,,216.0,,,78909.0,,,113.0,,,,216.0,,3180.0,,,18829.0,,,,165.0,215900.0,,70141.0,,6500.0,,,,,,61267.0,5898.0,,,,,,,,,,,,1783.0,139.0,3822.0,,,,6293.0,,,10728.0,,,
2021-07-31,98775.0,4684.0,,,,,,3.0,,,6.0,15673.0,,48855.0,4062.0,,,,,,,369.0,376.0,,,84963.0,523.0,,,3361525.0,100.0,2918.0,1731026.0,,11677.0,,,,180000.0,59.0,20.0,12729.0,,,,118.0,,,,72.0,242217.0,,,923.0,,,120.0,,,,2389.0,,6000.0,,,,,,15582.0,,28489.0,576243.0,,610.0,10800.0,,276.0,1500.0,,,2942.0,,28.0,116.0,294.0,921.0,,,17.0,,,,280.0,,,230.0,,,,,,,,,,236586.0,,5731.0,27352.0,,,,402.0,,,29853.0,,51343.0,,,,210.0,,858.0,,245035.0,,,,,,,278.0,,950.0,,,59281.0,22.0,,,,41778.0,,70122.0,,,,,,,,43706.0,21382.0,,,,,,,200.0,1635.0,,,2169.0,214.0,,5730.0,,,400.0,2633.0,,,3072.0,519.0,,
2021-08-31,80567.0,,,,,,,,11.0,,2.0,,,36646.0,41599.0,,,,,,,,,,,41179.0,,,,903815.0,,33860.0,2545998.0,,7528.0,,,,13742.0,,,250.0,,,,9610.0,5000.0,,,1000.0,326516.0,,,8000.0,,,,,2176.0,,,,3538.0,,,,,,,,2728.0,713241.0,,10.0,78.0,,2105.0,210.0,16.0,,10141.0,,,,,,,,6.0,,,,1594.0,729.0,,,,,,,,2117.0,,,,84456.0,,,27561.0,,,,,,38754.0,32535.0,,,,17570.0,135.0,,,50.0,,299954.0,,682.0,,5000.0,,,191.0,270.0,1531.0,,,132603.0,1300.0,,,,99400.0,,153352.0,,,,,,,,132391.0,934.0,,,,,,,1000.0,42650.0,,,2313.0,,,29149.0,,,32392.0,690.0,,,5412.0,,,
2021-09-30,3552.0,,,,,,,5.0,,,2064.0,,10000.0,5239.0,84476.0,,,,,,,,,,,1376.0,32000.0,,,917521.0,,1390.0,2821463.0,,33570.0,,,,,,,,,,,,,,,5120.0,196323.0,,,486.0,,,,85.0,,,,,,,,,,,219745.0,,3028.0,177089.0,,,9912.0,,231.0,60.0,,,,,187.0,,127.0,196.0,,5.0,,,,,,,,,,,,,,14996.0,,,,196578.0,,,2497.0,,,,13.0,,,18066.0,,,,,15.0,,,,,167805.0,,,,,,,2.0,,,,,167542.0,,,,300.0,,,299146.0,,,,,,,,23329.0,171176.0,,,,,,,,,,1722.0,7152.0,,,23864.0,,,,728280.0,,,50244.0,,,
2021-10-31,,,,,,,,5000.0,,,2591.0,,,2300.0,101.0,,,,,,,,,,,69462.0,,,,598546.0,,,2748579.0,101.0,66670.0,,,,,,,,,,,,49.0,,,7000.0,452691.0,,,600.0,,,,,222.0,2000.0,,,172.0,,,,,,,,16043.0,532952.0,,,,69.0,,196.0,,,122.0,,2002.0,,8305.0,,,,,,,,55.0,,,,,,,,,12871.0,,,,31941.0,,,972.0,,,,,,124847.0,3733.0,,,,14582.0,32.0,5000.0,1811.0,,,474411.0,,13.0,,,,,8.0,,,803.0,,609.0,,5.0,,,102040.0,,50528.0,,,,,,,,50220.0,,,6770.0,,,,,4.0,,,100.0,41326.0,,,12211.0,,,,10351.0,,,28122.0,,,73539.0
2021-11-30,1739.0,,,38.0,60.0,,,122.0,,,1428.0,,,6724.0,126.0,,,314.0,3000.0,,,,,,,22904.0,17775.0,,,,,,5352147.0,6552.0,2758.0,,,,,,,,,,,,,44.0,1108.0,,625025.0,,,1063.0,,,,,7000.0,,,,,,14625.0,,262.0,,,,46561.0,370283.0,,20472.0,5142.0,,270.0,451.0,,,,,200.0,,479.0,,,,39.0,,930.0,,64786.0,,,,,,,,,11311.0,,,,75737.0,,,,,,402.0,,,17647.0,2983.0,,,,,2911.0,,,,,21018.0,,,,,,,79.0,,,,,4300.0,,,,,113000.0,,154356.0,,,,,,,,17945.0,1785.0,,,,,,,,14.0,,,112.0,,17.0,855.0,,,,4000.0,,,29982.0,41.0,53.0,328.0
2021-12-31,980.0,,,,,,,1055.0,,,2005.0,,,66000.0,,,,,,,503.0,,,,,45036.0,,,1207.0,,,32901.0,223204.0,,5823.0,,,27.0,,,,,,,,,,28.0,,255.0,189773.0,,12.0,331.0,,,,,,,,,,,1681.0,,,,,,50418.0,49256.0,25.0,13253.0,2000.0,,,161.0,,,2.0,,8016.0,,,169.0,,,,,,,1298.0,,,,,,,,,,,,,152146.0,,,3741.0,,,,68469.0,,10954.0,9969.0,,,,8.0,41.0,,,,10705.0,3962315.0,,854.0,,,14.0,,147.0,,,,,,,,,,,,16614.0,725.0,,,,,,,15140.0,,,,,,,,,52.0,,736.0,715.0,,,37414.0,,,,26057.0,,,,4054.0,,84.0
2022-01-31,28700.0,,,,,,,68.0,,,,,,,,,,,,,,190778.0,,,,51372.0,,45.0,,16036.0,,,1317501.0,,5474.0,,,,,,,,,,20.0,1720.0,,211.0,,60.0,121900.0,,4630.0,,,,,,,,2204.0,,300.0,,2426.0,,3.0,,14303.0,,5915.0,36.0,,19151.0,,,77.0,9.0,,,,115.0,,11052.0,,,14.0,,22.0,,,,,,,,27.0,,,26730.0,,183.0,,,,205417.0,,,,,,,89.0,,,52090.0,,,125.0,,73.0,45.0,3449.0,,2405.0,23203.0,,2898.0,,,7.0,,135.0,,23.0,554.0,,19331.0,,,,,23142.0,,43588.0,,,,,,,,72139.0,,,,,,,,,23.0,,480.0,348.0,,164.0,1502.0,,,,,,,14466.0,621.0,530.0,1334.0
2022-02-28,6463.0,,,,65.0,,,3250.0,,,,11.0,,,,,,,,,2500.0,40277.0,,,,28630.0,245.0,,,8400.0,,1266.0,704608.0,,1407.0,,,,,,,,,,,7745.0,,,,75.0,244221.0,,130.0,10.0,,,1207.0,,209.0,,,,,,3935.0,,2144.0,,,,7244.0,,,,,56.0,182.0,146.0,,,,,801.0,,,1005.0,,,,,,,238.0,,,,,,,109414.0,,92.0,,,,51920.0,,,88632.0,,138.0,,923.0,,,4326.0,,,,8.0,716.0,,,,3679.0,6157.0,,1590.0,,,7.0,,102.0,,333.0,,,7927.0,,,,,,,57900.0,,,,,,,,30920.0,,,22.0,,,,,,250.0,,131.0,557.0,,,,,,,,384.0,,7620.0,325.0,1026.0,
2022-03-31,11847.0,366.0,,,,,,,,189.0,275.0,,,,,,,,,,,30058.0,,,,27210.0,,21.0,,465.0,,,1120180.0,,934.0,,,,,,,,,,,237.0,,53.0,,93.0,109449.0,8.0,,98.0,,,91.0,,37.0,,5626.0,,300.0,,9408.0,,7.0,,547.0,,10135.0,1525.0,,,10821.0,,81.0,6.0,,,1270.0,141.0,,8.0,,6667.0,,,13.0,,,,,,,,,,,,,941.0,,,,21998.0,,,23994.0,,,297308.0,29026.0,,,26438.0,,,19.0,17.0,,,7.0,,9534.0,87967.0,,39.0,,,,,37.0,,196.0,1521.0,,3466.0,,,,,,,47350.0,,,,,,,,56444.0,6161.0,,,84.0,,,,,627.0,,,2178.0,,,59657.0,68.0,,,84.0,,,5922.0,1512.0,,
2022-04-30,2490.0,,,,,,,5064.0,,,45.0,,,233628.0,48.0,,,20.0,,,,102995.0,,,,15297.0,1525.0,,,7642.0,,759.0,391134.0,,8454.0,,,,,,,,,,,230.0,,809.0,,1.0,123332.0,,,,,,,100.0,279.0,,,,,,533.0,,,,,,21885.0,16443.0,,,,,3.0,80.0,,,,1661.0,,18507.0,,27.0,,,,,,,69.0,,,,,,,,,201.0,,,,58067.0,,,,,,,171.0,,,18850.0,,,30.0,215.0,9.0,,,,2578.0,952988.0,,1290.0,,,2000.0,,17.0,,1373.0,426.0,,122881.0,,,,,3119.0,,40000.0,,,,,,,,26458.0,,,,,,,,2000.0,831.0,,3630.0,5710.0,,,11616.0,100.0,,1033.0,32.0,,,3665.0,83504.0,,
2022-05-31,12753.0,,,,,,,,,,,,,,13323.0,,,,,,,230249.0,,,,79853.0,5863.0,,,5000.0,,12428.0,224280.0,,903.0,,,,,54.0,,8.0,12.0,,,320.0,,,,,,,,,,,,,,,,,,,1957.0,,129.0,,9142.0,,872.0,138050.0,,300.0,10200.0,,77.0,25.0,,,7.0,39.0,342.0,1688.0,,,,,,,,,807.0,,,,,,,,,914.0,,,,34100.0,,,38550.0,,,,156.0,,,10098.0,,,,24.0,45.0,,4605.0,,1584.0,36440.0,,6440.0,,,,,162.0,,1348.0,,,19382.0,,,,,37584.0,,55300.0,,1466.0,,,,,,33162.0,,,,,,,,,,,,9973.0,1.0,,33187.0,,,5.0,152.0,2.0,,3132.0,250.0,,
2022-06-30,212192.0,,,,,,,,,,,117.0,,104731.0,485289.0,,,58.0,,,,16827.0,,,,11332.0,1487.0,,,1197501.0,,14800.0,1643893.0,,1537.0,,,,5171.0,,,620.0,,,,,,,,4550.0,75372.0,,14.0,150.0,,,,334.0,590.0,,,,60.0,,5417.0,115.0,1091.0,,,,29870.0,7999.0,,,23039.0,,231.0,,,,6.0,,1032.0,,811.0,970.0,,,8.0,,,,61.0,,,,,,,,373.0,703.0,,,,67023.0,,,20339.0,,,,541.0,,,14102.0,,,,66.0,,,7.0,,165.0,6848.0,,3800.0,,,,,89.0,,,,,252356.0,,,,,144301.0,,12900.0,,,,,,,,27531.0,,,,24.0,,,,,5647.0,,,453.0,,,3518.0,,,,121.0,,,229901.0,,,
2022-07-31,15515.0,,,,,,,,,,298.0,,,314029.0,506.0,,,,,,,87143.0,,,,67948.0,2159.0,,,98714.0,2418.0,7674.0,552931.0,,1717.0,,,,,,,,,,,,,1678.0,,18510.0,84032.0,,,31509.0,,,551.0,,,,3136.0,,600.0,,1762.0,,48.0,100.0,,,3888.0,,26.0,2450.0,,,77.0,2612.0,,,458.0,25.0,246.0,,222.0,116.0,,,,,,,89.0,,,,,9487.0,,,,7718.0,,,,76870.0,,66.0,,,,,,,,4333.0,3011.0,18.0,,1174.0,152.0,,,,1246.0,33284.0,,15082.0,,,1285.0,,188.0,,70.0,,,64238.0,,,,131.0,109661.0,,19400.0,,,,500.0,,,,23960.0,4925.0,,,,,,,32.0,221.0,,,,,,34131.0,,3.0,,512.0,,,1920.0,,,
2022-08-31,24507.0,,,,,,,,,,,,260.0,65375.0,25922.0,,,,,,,2887.0,,,,14057.0,1410.0,,,652901.0,,3360.0,376771.0,,1157.0,,,,4744.0,,,,,,,,2000.0,,,6862.0,219773.0,,,11304.0,,,120.0,,21.0,,,,,,2657.0,,131.0,,14435.0,,10496.0,70400.0,,11212.0,,,233.0,898.0,,,5477.0,,,,6579.0,8261.0,,,,,364.0,,3387.0,,,,,,,,,188.0,,,,6361.0,,,,23284.0,,,409.0,,16000.0,45059.0,,,,53230.0,1760.0,,,,263.0,637720.0,,2010.0,,197.0,1181.0,,677.0,,726.0,,,196620.0,12089.0,,800.0,11.0,40020.0,,142850.0,238.0,,,,,,,49273.0,15943.0,,2382.0,143.0,,,,,,,,3180.0,,,11004.0,,,724.0,159.0,,,72.0,,,
2022-09-30,4396.0,,,,,7600.0,,,,,5672.0,,,27430.0,1169.0,900.0,,,,,,1135.0,,,,81310.0,2074.0,20.0,,1405483.0,,131994.0,289282.0,16300.0,1833.0,,,50.0,79762.0,,,,,,,43540.0,,,,638.0,,,,1840.0,,,,,,,,,,,8284.0,,26585.0,,,,4579.0,,,,36798.0,,154.0,854.0,,,33388.0,2091.0,,142071.0,3957.0,6792.0,,561.0,,,,,243.0,,,,,,,,,6632.0,,,3000.0,93678.0,,,,,,,773.0,,87142.0,34778.0,,,,3560.0,,,8154343.0,,248.0,326909.0,,30791.0,,,13.0,,57.0,,244.0,5264.0,,46468.0,,,,68.0,97713.0,,209573.0,,,,,,,,44312.0,3667.0,,1101.0,6.0,,,,,1256.0,,,6286.0,,,104098.0,,,,328369.0,,,1482.0,,,
2022-10-31,16.0,,,,,,,,,,2080.0,,6892.0,39107.0,1000106.0,,,,,,,2444.0,,,,30476.0,,,,41000.0,,116059.0,882215.0,10563.0,1061.0,,,1577.0,,,,,,,,,,,,,185281.0,,,186.0,,,,,157.0,,,,,,65480.0,,39847.0,,16499.0,,33857.0,1440239.0,,4550.0,,,158.0,60.0,,,,,,,20735.0,,,2000.0,,,,,5708.0,,,,,,,,,3408.0,,,47863.0,7905.0,,,65000.0,,,,264.0,,,1429564.0,13000.0,,,70120.0,,,,200.0,64.0,2129014.0,,632.0,,,,,84.0,163.0,293.0,,,71133.0,,,,7371.0,11861.0,,16832.0,,,,,,,,16601.0,98785.0,,593.0,,,,,,,,,6.0,,,304104.0,,,10054.0,42597.0,,14.0,1206.0,,,
2022-11-30,,1191.0,318.0,,,,,,,,874.0,,,,61.0,,,,,5001.0,,1588.0,,,,39659.0,7.0,,,,,208368.0,1932102.0,,625.0,,,,,,,2.0,6086.0,,,,,,,,350000.0,,,4.0,,,,,,,,,,,113843.0,,8.0,,2988.0,,72378.0,169703.0,,,,,77.0,165.0,,,,,,,,,,,,,,560.0,245.0,,,,,,,,,513.0,,,,13148.0,,,,,,,6079.0,,,,,,,3918.0,,,6760.0,261.0,394.0,12551.0,,57.0,,,,,333.0,,105.0,,,10635.0,,11.0,,,,1.0,3600.0,,,,,,,,2615.0,,,,,,,40.0,,858.0,,,353.0,,,114035.0,,,6298.0,9.0,,,,,,
2022-12-31,,831.0,,,,,,8.0,,,1627.0,,,,,,,,,,,1992.0,,,,26009.0,2.0,,549.0,,,331564.0,1904129.0,43794.0,815.0,,,,,,,,,,,,,,,,,,,,,,,,,,,,,,183.0,,94.0,,15146.0,,78683.0,9884.0,,,12132.0,,,504.0,,,19.0,,,,,,,,,,,,49.0,,,,,,,,,310.0,28.0,,,10000.0,,,,,,,105750.0,,,,,,,,,,,,1692.0,331620.0,,,,,,,65.0,,8.0,,,817.0,,,,,,,111000.0,,,,,,,,600.0,,,1313.0,,,,,,,,,1948.0,,,2500.0,,,,191.0,,,,15000.0,,
2023-01-31,563.0,3766.0,,,,,,309.0,,,1738.0,,,78307.0,49.0,,,,,,7.0,65716.0,,,,59468.0,,,,,,136978.0,139188.0,,6343.0,,,,,,,10.0,,,,,,4.0,,,445075.0,,,,,,,6.0,,,,,,,1154.0,,,,2388.0,,134168.0,3098.0,,108765.0,,,,25.0,,,,,25.0,,2668.0,647.0,,,,,,,,,,,,,,51880.0,,,,,24219.0,86500.0,,,5154.0,,,,20448.0,8.0,8000.0,1954.0,,,,30.0,88.0,,7.0,,,588659.0,,,,,2.0,,176.0,,3.0,,,1260.0,,,,3795.0,241250.0,87.0,22654.0,,,,,,,,4674.0,1710.0,,3.0,,,,,,,,,30.0,,,64362.0,,,,,,,8087.0,,139.0,
2023-02-28,,4568.0,,,,,,50.0,,,2371.0,,,74600.0,,,,,,,2039.0,26287.0,,,,4214.0,,,,,,673.0,1060.0,,9785.0,,,,,,,,,,,,,,,,46218.0,,350.0,,,,,,1279.0,,,,,,186.0,,,,3012.0,,8435.0,382.0,,5740.0,,,,,,,,204.0,,,,,,,149.0,,,,16.0,,,,,,,63274.0,,84.0,,,17034.0,84893.0,,,44251.0,,562.0,,7728.0,332.0,7217.0,1879.0,,,,41.0,12273.0,,,,303.0,57692.0,,2.0,,,,,386.0,,,,,,,,,,229150.0,,52443.0,,,,,,,,335381.0,6136.0,,,,,,,,,,,198.0,,,21.0,,,20.0,,,,10877.0,1568.0,7907.0,59.0
2023-03-31,8547.0,4708.0,,,,,,788.0,,,558.0,,,27230.0,61.0,,,,,,865.0,137002.0,,,,15873.0,,,7595.0,,,2266.0,40959.0,,7079.0,,,,70.0,,,,,,,,,1970.0,,1870.0,88352.0,,,,,,5.0,,,,,,,,544.0,,,,11039.0,,4721.0,160.0,,3325.0,625.0,500.0,,,,236.0,,1830.0,10859.0,,1411.0,210.0,,,,200.0,,,228.0,,,,,,,64302.0,,103.0,,,20064.0,112521.0,,,232609.0,,,659278.0,94486.0,,41686.0,29788.0,283.0,,,16.0,27.0,,164.0,,15664.0,36323.0,,8063.0,,,,2705.0,79.0,,110.0,,,,,,,,294990.0,,2910.0,,,,,,,,864951.0,7384.0,,6.0,24.0,,,,,503.0,,,55.0,,,29471.0,,,,9.0,863.0,,12129.0,2852.0,339.0,
2023-04-30,,11015.0,,,,,,784.0,,2.0,4580.0,,,22325.0,49.0,,,,,,,9261.0,,,,3330.0,,,,2351.0,,4580.0,29494.0,,10035.0,,,,,,,,,,,5.0,,18.0,,4.0,103680.0,,,300.0,5.0,,,,1220.0,,,,,,,,,,8919.0,,7160.0,3023.0,,656.0,6088.0,,,37.0,,,,69.0,35052.0,,2217.0,2363.0,,,,,112.0,,50.0,,,,,,,,,,,,14934.0,60383.0,,66.0,1985.0,,,205.0,335.0,,,3902.0,,,,20.0,,,96.0,,,35956.0,,2322.0,,,,,6.0,,659.0,,,335283.0,,,,,73883.0,,2841.0,,,,,,,,5297.0,10445.0,,893.0,,,,,,2800000.0,,1502.0,548.0,217.0,,5912.0,,,,48.0,,,8644.0,67.0,,
2023-05-31,3216.0,,,,140.0,,,,,,745.0,,,104070.0,40913.0,,,52.0,,,,,,,,36852.0,48130.0,70.0,,45647.0,,,104659.0,,4129.0,,,,,,,,,,,,1599.0,,,706.0,65861.0,,,,,900.0,5.0,,,,,,,,1200.0,,,11.0,500.0,,2251.0,18323.0,,1012.0,,,2221.0,36507.0,,99.0,7.0,,4454.0,,1103.0,,,,,,280.0,,116.0,,,,,,,,2.0,261.0,,,10008.0,39119.0,,265.0,555.0,,,,13.0,,18000.0,9415.0,,,,137.0,104.0,,35.0,,136118.0,27270.0,,,,,,,2143.0,,875.0,76000.0,,1210214.0,,,,,316264.0,,125.0,,,,,,,,8584.0,33290.0,,,,,,,40.0,,,,1399.0,,,842.0,,,497.0,143.0,2.0,68.0,8713.0,2200.0,923.0,
2023-06-30,2910.0,,,,,,,,,,,,,65930.0,1360.0,,,20.0,,,285.0,4000.0,,,,12182.0,43668.0,,,26212.0,1208.0,2500.0,10108.0,,2980.0,,,,11400.0,,,160.0,,,,1033.0,,1492.0,,,11586.0,,,770.0,,,2.0,20.0,,,1286.0,,,,,30.0,45.0,,13549.0,,515.0,31667.0,,759.0,1908.0,,18.0,5.0,,,20.0,72.0,218.0,39.0,9.0,50.0,,,,,,,,,,,,,,,,150.0,,,10884.0,36916.0,,,59.0,,,,,,30295.0,3294.0,,,,119.0,130.0,,53074.0,,1735.0,26923.0,,,,,95.0,,151.0,51.0,60071.0,,,3902584.0,,,,496.0,70670.0,317.0,9856.0,,,,,,,,6166.0,860.0,,,,,,,,8.0,,,254.0,12061.0,,1949.0,,120.0,,307.0,,14.0,11484.0,1428.0,,
2023-07-31,11482.0,,,,200.0,,,,,,,,,113778.0,1218.0,,,,,,,3808.0,,,,28630.0,6103.0,205.0,,1058483.0,,15639.0,214737.0,,975.0,,,3.0,,,,,,,,,21500.0,15.0,,4291.0,13775.0,,,15.0,,,,120.0,3974.0,,,,22661.0,,,,,,1853.0,,878.0,41469.0,,,,,21.0,2134.0,,,17.0,,200.0,,73.0,95.0,,,,,,,90.0,,,,,,,,,852.0,,,6252.0,62917.0,,670.0,1438.0,,,,65.0,,23327.0,27803.0,,,,235.0,,,1600.0,,967.0,20928.0,,10000.0,,,16.0,,3989.0,,507.0,,,235.0,,,,5.0,45309.0,,11600.0,,,,,,,,16106.0,16183.0,,,,,,,312.0,3245.0,,,156.0,80.0,,8093.0,,,,31892.0,,,7010.0,,,
2023-08-31,,,,,604.0,,,,583.0,,,,,37281.0,315235.0,2.0,,,,,,8107.0,,,,4312.0,79945.0,97.0,1237.0,1799662.0,,4065.0,172509.0,,6180.0,,,,13044.0,40.0,,,,,2.0,3742.0,77.0,15.0,,12535.0,18192.0,,,3013.0,,,2.0,210.0,,70670.0,,,31.0,,,,,42.0,12895.0,,935.0,13883.0,8.0,854.0,10192.0,,,1516.0,,,4882.0,30.0,236.0,,895.0,10405.0,,415.0,48501.0,119.0,1310.0,,16.0,,,,,313.0,,,,1992.0,,,7254.0,87360.0,,925.0,,1101.0,,36.0,63.0,,110139.0,1395.0,,,7736.0,272.0,,,109437.0,,734.0,29646.0,,,,,1461.0,,40.0,,2500.0,,,12464.0,,,,,32746.0,,1750.0,,,,10000.0,,,,11654.0,6900.0,,,599.0,,,,104.0,1452.0,,,1071.0,,,63773.0,,,,1870.0,,,9106.0,202.0,,
2023-09-30,,586.0,,,237.0,,,5.0,,5070.0,490.0,,,15063.0,406.0,130.0,,,,,7.0,25299.0,,,,8662.0,1821.0,,387.0,1265307.0,,6115.0,110065.0,,1755.0,,,17.0,,3.0,,,,,,,80.0,2.0,,275.0,40865.0,,,,,,15.0,300.0,3149.0,,,,564.0,,,,2.0,,12792.0,,17616.0,16548.0,,1336.0,32314.0,116.0,,86.0,,,267.0,,55.0,,2046.0,258.0,,,13389.0,13765.0,57451.0,,1558.0,,,,,145695.0,,,,948.0,,,522.0,52114.0,,,4746.0,,,,1640.0,,72508.0,1725.0,,,,32.0,100.0,,20.0,26.0,1396.0,11630.0,,2000.0,,,,,64.0,,7077.0,13338.0,,44444.0,,,,43.0,27659.0,,18361.0,,,,,,,,71034.0,10797.0,,1255.0,,,,,,171.0,,,301.0,,500.0,400.0,,,,23.0,,,14871.0,6864.0,,
2023-10-31,614877.0,5911.0,,,3961.0,,300.0,1680.0,,,2920.0,,,21829.0,273000.0,,,,,,,,,,,17574.0,,,,,,1375.0,500400.0,,1606.0,,,263.0,,,,2000.0,,,71.0,,101.0,8.0,8.0,3568.0,96681.0,,,326.0,,,4098.0,,65333.0,,,,,,,,162.0,,4500.0,,979.0,1624.0,9.0,148.0,86.0,,376952.0,464.0,,,,,366.0,,25187.0,,,,53611.0,,470.0,,1142.0,,,,,,,,,6068.0,,,3819.0,53185.0,,,6321.0,,,335.0,1138.0,,91129.0,51536.0,28.0,,,1691.0,,4471.0,27.0,,2221.0,21058.0,,1303.0,,,72.0,,24937180.0,,,686.0,,18613911.0,,638.0,,302.0,93367.0,,,,,44.0,136.0,,,,227892.0,6788.0,,,,,,,,125.0,,674.0,,332.0,3226.0,4375.0,,,211.0,3473.0,483.0,,43264.0,719.0,,195.0
2023-11-30,,9077.0,,,4023.0,,,160.0,24.0,,3139.0,104.0,,100872.0,,120.0,,,,,,101093.0,,,,,,4.0,6.0,,,1953.0,2012500.0,116.0,5084.0,,,27.0,17689.0,,,,,,,50060.0,1517.0,30.0,,1310.0,387247.0,,6381.0,2891.0,,,212.0,,,,,,20.0,,,,4410.0,,13501.0,,3123.0,1031.0,,1174.0,,3700.0,80000.0,1458.0,,,,,517827.0,,,,,,12289.0,,,,4266.0,,,,,,,,,803.0,,,15964.0,213515.0,1.0,113.0,2362.0,,,,4644.0,,91529.0,129544.0,,,,310920.0,,,,,1055.0,35368.0,,13000.0,,,4.0,7767.0,29697407.0,,545.0,,,25547083.0,,,,267.0,2505559.0,,7128.0,,,,15.0,,,,18728.0,,,20.0,,,,,,196.0,,5820.0,21463.0,643.0,1211.0,,,,,7252.0,3398.0,,5290.0,300.0,15.0,8.0
2023-12-31,,44468.0,,,1323.0,,,924.0,,,2952.0,,,47397.0,,,,,,,30.0,8954.0,,,99.0,,2492.0,15.0,516.0,4300.0,,1657.0,168615.0,158426.0,514.0,,,,,,64.0,1166.0,,,,,,91.0,,8.0,24762.0,,,738.0,,,288.0,,,,,,6.0,,2207.0,,248.0,,4547.0,,18479.0,60943.0,,,5988.0,,,,,,,,2213850.0,,,,,,15664.0,,,,3125.0,,,,,,,,,30.0,,,11790.0,986417.0,,,,,,,31849.0,,51659.0,24145.0,,,11.0,,,,2203.0,,6878.0,57412.0,,,,,88.0,,1046349.0,,,,,22943411.0,,,,,1181278.0,,,,,,,,,202.0,560.0,,,,,,,,,42.0,,5600.0,7.0,183.0,66.0,2292.0,,,,,,,4541.0,5037.0,,432.0
2024-01-31,,5070.0,,,2028.0,,,169.0,,,4588.0,27.0,,41212.0,,,,,,,1708.0,76135.0,,,,,,,96.0,13213.0,,1066.0,178458.0,,3694.0,,,,,,,,,,,,,444.0,,465.0,49203.0,,5.0,743.0,,8.0,362.0,,,,,,,,1659.0,,5.0,,9426.0,,62782.0,,,,737.0,239.0,,,,,51605.0,,1133.0,,,,,,12156.0,,,,6966.0,,,,,,,47117.0,86.0,4041.0,80.0,,55808.0,54008.0,,,7702.0,,1000.0,193.0,7289.0,,22033.0,24321.0,,63.0,6.0,,,,,,5642.0,23377.0,,65.0,,,20.0,,552371.0,,1423.0,,,232546.0,,,,,15579.0,,24.0,,,,,,,,1953.0,14601.0,,,,830.0,,,,16.0,,295.0,557.0,3728.0,8.0,418.0,,,,,,,2657.0,6721.0,,2814.0
2024-02-29,2814.0,3778.0,,1807.0,375.0,,,2276.0,1.0,,4115.0,,,26028.0,1022.0,,,,,,485.0,69887.0,,,,8290.0,24.0,,4782.0,930.0,,8911.0,1149102.0,,4201.0,,,,,13.0,,1747.0,,,8.0,,629.0,1634.0,,48.0,20531.0,,9.0,71.0,,,,149.0,200.0,160.0,,,,,1539.0,,100.0,,12504.0,,12918.0,,,16961.0,,,7.0,40.0,,,,,,,,,,,5067.0,,140.0,,,,,,6.0,,,8188.0,,81.0,,,49727.0,176400.0,,,96269.0,,,21176.0,168.0,848.0,16270.0,76546.0,,,,4.0,323.0,136.0,363.0,,5713.0,21053.0,,,,,,,190.0,,,6.0,,338914.0,,,,,15564.0,,93852.0,,,,,,12.0,,22258.0,29747.0,,,,669.0,,,,1340.0,,,1502.0,420.0,,14859.0,,,,,,,1896.0,147.0,,
2024-03-31,7541.0,4599.0,,10.0,5666.0,,,483.0,,,8947.0,,,4842.0,,,,,,,7683.0,53964.0,,,,9575.0,,3.0,29.0,5452.0,,,1164614.0,,3181.0,,,,930.0,,,,,,,,,360.0,,77.0,102391.0,,230.0,90.0,,,,,,,,,9.0,,114.0,,12.0,,60303.0,,105671.0,7714.0,,17086.0,8456.0,,3.0,10.0,,,,12701.0,26244.0,,,,,,4642.0,,,,4.0,,,,,13.0,,48803.0,,548.0,202.0,,14356.0,117900.0,,,74594.0,,,18917.0,364.0,,9640.0,16819.0,,,24.0,46.0,14.0,,2502.0,,11159.0,16263.0,,14726.0,,,2.0,,157.0,,5887.0,200.0,,282478.0,,,,,62684.0,,8032.0,,,,,,56.0,,436.0,2560.0,,,283.0,,27.0,,,,,1660.0,470.0,38178.0,11786.0,402.0,360.0,,,61.0,,,3573.0,618.0,,322.0
2024-04-30,1617.0,482.0,,960.0,170.0,,,3600.0,,,13869.0,,,24400.0,,,,,,,221.0,53757.0,,,,2300.0,225.0,6.0,41.0,111291.0,9.0,520.0,348268.0,,2115.0,875.0,,,,5.0,,,,,,3785.0,19.0,517.0,,337.0,109430.0,11.0,,717.0,,,15.0,,,,,,626.0,,806.0,28.0,3.0,,31496.0,,18074.0,23639.0,5.0,6917.0,8628.0,,,19.0,,,25.0,87790.0,393951.0,1216.0,,,,,4732.0,,,,8.0,,,,,,,3746.0,69.0,850.0,,,31046.0,175000.0,,,49131.0,,645.0,2649.0,847.0,,33789.0,9865.0,,,,762.0,,2266.0,3400.0,,7876.0,8024.0,,37.0,,,,8375.0,207.0,,40966.0,20544.0,,179662.0,,11.0,,31.0,72386.0,,90776.0,,,,,,,,,5135.0,,,,,,,,130.0,,91859.0,14799.0,6496.0,23.0,2466.0,,,320.0,1223.0,,,16576.0,1474.0,,
2024-05-31,26532.0,,,,1586.0,269.0,,,,,9715.0,2.0,,44066.0,9208510.0,3.0,,,,,3.0,697537.0,,,,25598.0,10860.0,,8.0,,,3976.0,627783.0,,3051.0,2.0,,,,7.0,,421.0,,,,,,229.0,,23.0,120950.0,,,34.0,,,7.0,148.0,287.0,,,,5.0,,1176.0,,31.0,,9470.0,,30017.0,238634.0,,974.0,,1.0,350.0,694.0,,,9.0,550.0,1320460.0,295.0,,,,,2677.0,,112.0,,3223.0,,,,,,,,,861.0,,,31113.0,130943.0,,,17733.0,,,,1308.0,,1260.0,6031.0,,,,219.0,,,157.0,,2369.0,65290.0,,51827.0,,,,,1100268.0,58.0,3665.0,21939.0,,1031.0,,,,,126638.0,1.0,26594.0,,,,,,,,4242.0,3052.0,,,299.0,,11.0,,,5.0,,5922.0,44709.0,28115.0,6663.0,2903.0,,,,3.0,,,28218.0,,,
2024-06-30,,,,,13.0,,,,40.0,9.0,176.0,,,79424.0,54806.0,370.0,,,,8.0,,4495.0,400.0,,,6058.0,2375.0,688.0,3758.0,319614.0,844.0,47091.0,833577.0,,4120.0,2.0,,272.0,,318.0,2.0,4833.0,,,,,,1101.0,,2.0,721.0,,,190.0,,,,,,,,1043.0,14049.0,,12634.0,,2713.0,,1827.0,8.0,9133.0,572625.0,,7028.0,1168.0,,6.0,856.0,,,14.0,,400000.0,2260.0,,41.0,,,4265.0,22059.0,,,13387.0,,,,,,,,,8663.0,,,1879.0,116208.0,,872.0,440.0,,,,224.0,,17732.0,32083.0,11.0,,28.0,197.0,1220.0,,,2.0,1078.0,30312.0,,767.0,,,50.0,,1400399.0,5.0,100.0,,,485.0,,,,4256.0,16248.0,,7381.0,,,,2.0,,12.0,,1790.0,10563.0,,,,524.0,,,,1289.0,,,1471.0,7889.0,52.0,21098.0,,,,288.0,,,11405.0,6560.0,,
2024-07-31,4953.0,,2.0,,23.0,,,,44.0,,,16.0,3679.0,45357.0,,309.0,,,,,3557.0,7355.0,,,,20769.0,31210.0,209.0,2.0,522689.0,2011.0,486.0,353647.0,,4021.0,,,113.0,,57.0,16.0,,,,,,10.0,,,2558.0,28798.0,,,76.0,,,,,,965.0,,14.0,7035.0,3060.0,,,,7.0,3820.0,,11799.0,1325847.0,,,,,,35.0,1800.0,,1169.0,,,864.0,678.0,3946.0,,1347.0,2573.0,51000.0,224.0,,680.0,,4.0,,,,6.0,,,10795.0,,2.0,20402.0,109450.0,,,64.0,,,,394.0,,38343.0,2857.0,4.0,,,308.0,5.0,,816.0,,527.0,394199.0,,2139.0,,5000.0,2.0,,369624.0,,659.0,,,1950649.0,,,,129.0,71594.0,,48981.0,,,,7.0,,,,80.0,3269.0,,30.0,279.0,42.0,,129.0,,824.0,,,768.0,9009.0,,125816.0,,1752.0,1732.0,4674.0,,,29638.0,24053.0,,
2024-08-31,2219.0,,7.0,,11.0,,,,,,323.0,2.0,,102435.0,285063.0,,,,,,436.0,9121.0,,158.0,,19982.0,4300.0,70.0,455.0,110355.0,,1839.0,344841.0,,226.0,,,,,,12.0,,,,,,374.0,,,793.0,140679.0,,,38.0,,,,,,,,,36253.0,,,,,,2131.0,,1327.0,128316.0,,,10599.0,3.0,,145.0,,,1957.0,,56.0,19.0,2222.0,6.0,,,15291.0,,15916.0,,127.0,,,,,,,441.0,88.0,1343.0,,,18584.0,84659.0,,,1423.0,,,,1823.0,,459939.0,94676.0,,,,260.0,,,19713.0,,741.0,2647.0,,26.0,,,245.0,141.0,76858.0,7.0,145507.0,,146.0,164929.0,,,,12.0,10890.0,,800598.0,,,,,,57.0,,22925.0,12018.0,,25.0,126.0,,,,,3971.0,,,26834.0,95844.0,,7613.0,,,45.0,1178.0,,,1128.0,224.0,,
2024-09-30,820.0,1083.0,,,310.0,,,3.0,3964.0,,1604.0,,,4447.0,852.0,,,,443.0,,102.0,21699.0,,,1043.0,6175.0,103.0,,,1566178.0,,8614.0,382619.0,,1913.0,,,143.0,1059.0,,10388.0,,,,,,4969.0,808.0,,80.0,6786.0,,,137.0,,,4.0,,,5540.0,,,963.0,,5.0,,104.0,,3784.0,,10009.0,321557.0,,,,,,2582.0,,,516.0,,4479.0,,245.0,1032.0,,2082.0,1021495.0,,,,,,,,,256.0,160.0,180.0,,8215.0,21.0,,324302.0,137684.0,,,596.0,,,,11580.0,,565541.0,352443.0,241.0,,24.0,49.0,,,1170.0,17.0,4174.0,79633.0,,2177.0,45953.0,,221.0,3.0,7145.0,6424.0,24287.0,,,24440.0,564.0,,,39.0,8055.0,,51747.0,,,116.0,11.0,,,,,981774.0,,,,,,,,112.0,,,4964.0,48418.0,45.0,1055949.0,,,,132400.0,,,2100.0,,,
2024-10-31,804.0,159.0,,,98.0,,,,,67.0,3533.0,2.0,,45936.0,,,30.0,332.0,,,72.0,10758.0,,,,14665.0,22.0,,,779.0,,22586.0,433031.0,,3126.0,,,163.0,134000.0,2.0,,,,,,,,30.0,,44.0,13698.0,,9.0,1695.0,,,,,,5000.0,,,384.0,,90.0,,250.0,,25730.0,,2099.0,609828.0,,,,,,5158.0,,,,18.0,,,5729.0,,,,634709.0,,,,12300.0,,,,,,,,,22080.0,,,,28366.0,,22.0,2272.0,13625.0,,,4652.0,,3435568.0,95030.0,229.0,,,53504.0,85.0,,9.0,16.0,3603.0,5194.0,,1810.0,,,11.0,,64231.0,,99.0,,,285575.0,59667.0,,,,,,138838.0,,,,,,,,11023.0,20978.0,,80.0,,,2.0,,,288.0,,,19678.0,33018.0,,67489.0,,,,25274.0,,,132.0,3019.0,70.0,25.0
2024-11-30,,3811.0,,,266.0,,,117.0,,,1771.0,,,22717.0,,,,12.0,,162.0,32.0,6092.0,,,,1408.0,,91.0,39.0,283285.0,,15507.0,492339.0,,1635.0,,,3098.0,333659.0,,,,,,,,,,,8703.0,7160.0,,,,,2.0,1000.0,,,,4789.0,,477.0,,17.0,,16090.0,,40968.0,,4993.0,602.0,2.0,,,130.0,370.0,11.0,,,123.0,35.0,15488.0,,,71.0,,,85351.0,,,,1380.0,,,,,,,,,5450.0,,,231.0,56000.0,,,28364.0,,,1451.0,16113.0,34.0,9501.0,896708.0,2007.0,,100.0,150.0,,,2822.0,733.0,4094.0,16669.0,,400.0,,,4.0,,358.0,,22.0,,,424872.0,,,,700.0,,,63254.0,,,,,,,,62500.0,33923.0,,,,,,,,94.0,,10.0,392.0,14076.0,,18655.0,,,63.0,2649.0,,,,638.0,,161.0
2024-12-31,1000.0,2085.0,,,94.0,,,37.0,,25.0,7321.0,,,20882.0,81.0,,,,,,1291.0,8922.0,,,,39.0,,4.0,467.0,140.0,,1420.0,1286940.0,,327.0,167.0,,2187.0,,,,,,,,,,,,315.0,14033.0,,182.0,,,8.0,82.0,,,,,,100.0,,,,121.0,,15332.0,,21493.0,67208.0,,,3720.0,,,2.0,,,,,,,,,,,,,2066.0,,41177.0,,,,,,,,,3739.0,,,12658.0,62200.0,,,725584.0,,174.0,3176.0,8444.0,10.0,4546.0,348426.0,28.0,,,4.0,38.0,,,,1573.0,28284.0,,,,,,,270.0,,29.0,15015.0,,138890.0,,,,295.0,39280.0,,101497.0,,,,,,280.0,,2278000.0,57332.0,,40768.0,,,,,,,,184.0,5031.0,3021.0,8.0,15524.0,,,,61.0,4035.0,,,620.0,10.0,
2025-01-31,,,,,721.0,,,224.0,,,292.0,,,33137.0,,,,18.0,,,,,,,25.0,21331.0,,,719.0,51465.0,,5684.0,513820.0,,49372.0,,,206.0,,,,,,,,,,,,114.0,88226.0,,,1902.0,,,682.0,,266.0,,,,,,,,,,2907.0,,14197.0,257.0,8.0,,,,,2.0,,,,,,,14.0,27.0,,,,,,,2574.0,,,,,,,6081.0,190.0,1402.0,,,5320.0,42700.0,,,168554.0,,,,8765.0,1000.0,10456.0,3444.0,,,,4.0,106.0,,7.0,,3023.0,27105.0,,2175.0,20.0,,3.0,,10303.0,,106.0,,,153195.0,,,,,30567.0,,82494.0,,,,,,192.0,,25000.0,1900.0,,,,,,,,,,,139.0,3100.0,,260023.0,,,,17.0,,,588.0,803.0,,20.0
2025-02-28,1930.0,1803.0,,,5053.0,,,5520.0,,22.0,884.0,,300.0,38337.0,,,,,,,,,,,9124.0,9820.0,,,107.0,360.0,,9426.0,1412133.0,,2350.0,,,,,,,,,,,,,,,,3485.0,,1500.0,,,,69.0,,,,,,5000.0,,,,,,27347.0,,201471.0,438.0,,,,,,8.0,,,519.0,,,,14.0,1.0,,,,,,,154.0,,,,,,,42481.0,,26.0,,,2470.0,39856.0,,,9471.0,,279.0,,1510.0,,12852.0,5932.0,,,,17.0,52.0,,42.0,,,7577.0,,,,,,,40000.0,,,,,,,,,,21330.0,,88257.0,,,,,,,,,837.0,,,,,,,,,,,45.0,1711.0,,20613.0,,,,3.0,,,612.0,6937.0,,
2025-03-31,7465.0,,,,2878.0,,,1365.0,,,968.0,,800.0,15933.0,,,,20.0,,,,50572.0,,,,11756.0,390.0,10.0,,1000.0,,870.0,434090.0,,,,,,,,,,,,,,,,,2408.0,19584.0,,,,,,,,,,,,63.0,,,,,,48535.0,,21718.0,5901.0,,,,,,339.0,,,189.0,,83.0,,51.0,947.0,,,38360.0,,,,,,,,,,,110637.0,40.0,2746.0,,,2457.0,86717.0,,77.0,154174.0,,,9163.0,7666.0,,1050.0,6683.0,,,10.0,199.0,,,15035.0,,,29206.0,,,,,49.0,,327218.0,,,,,224188.0,,,,,50189.0,,75752.0,,,,,,,,45000.0,700.0,,,,,11.0,,,,,3090.0,180.0,1030.0,122.0,20492.0,,,,3.0,,,528.0,12351.0,,
2025-04-30,,1060.0,,,3.0,,,100.0,,,,,,134236.0,9.0,,,,,,,41884.0,,,,,,,7.0,266.0,,259.0,198847.0,,1894.0,,,,,,,,,,,,25.0,,,155.0,13483.0,,,,,,,,,,,,239.0,,,,,,65349.0,,16250.0,2955.0,,,,,37.0,,,,,,2633.0,,,1003.0,,,,,,,27.0,,,,,,,,,81.0,,,,18304.0,,436.0,20414.0,,,,2816.0,2689.0,,3475.0,,4.0,,130.0,3.0,,7.0,,,975.0,,,,,6.0,,242226.0,,,81.0,,738290.0,,,,,13291.0,,90714.0,,,,,,,,51000.0,,,,563.0,,,,,100000.0,,,24.0,9.0,,7866.0,,,,203.0,,,2070.0,884.0,,
2025-05-31,24.0,,,,7548.0,,,98.0,,,,,,58253.0,119.0,,,,,,,62629.0,,,,,27484.0,300.0,,232.0,,,10150.0,,,,,,,,,,,,,,,,,70.0,11389.0,,,,,,,,3000.0,,,,,,,,,,21169.0,,4020.0,216859.0,,,,,,,,,,,15229.0,,,,,,,,,,159.0,,,,,,,,,,,,,16933.0,,,2618.0,,,,216.0,,2371.0,1590.0,,,,65.0,15.0,,8175.0,,4770.0,20587.0,,13.0,,,2.0,,209171.0,,,,,657392.0,,,,,51233.0,,22980.0,,,,,,,,,6200.0,,,,,,,,,,3150.0,,62955.0,,4894.0,,,,35.0,,,1530.0,1773.0,,
