,AFG,AGO,ALB,ARE,ARG,ARM,ATG,AUS,AUT,AZE,BDI,BEL,BEN,BFA,BGD,BGR,BHS,BIH,BLR,BLZ,BOL,BRA,BRB,BTN,BWA,CAF,CAN,CHE,CHL,CHN,CIV,CMR,COD,COG,COL,COM,CPV,CRI,CUB,CYP,CZE,DEU,DJI,DMA,DNK,DOM,DZA,ECU,EGY,ESP,ETH,FIN,FJI,FRA,FSM,GAB,GBR,GEO,GHA,GIN,GMB,GNB,GRC,GRD,GTM,GUY,HND,HRV,HTI,HUN,IDN,IND,IRL,IRN,IRQ,ISL,ISR,ITA,JAM,JOR,JPN,KAZ,KEN,KGZ,KHM,KOR,KWT,LAO,LBN,LBR,LBY,LCA,LKA,LSO,LTU,LUX,LVA,MAR,MDA,MDG,MDV,MEX,MHL,MKD,MLI,MMR,MNE,MNG,MOZ,MRT,MUS,MWI,MYS,NAM,NER,NGA,NIC,NLD,NOR,NPL,NZL,OMN,PAK,PAN,PER,PHL,PLW,PNG,POL,PRK,PRT,PRY,PSE,ROU,RUS,RWA,SAU,SDN,SEN,SLB,SLE,SLV,SOM,SRB,SSD,STP,SUR,SVK,SVN,SWE,SWZ,SYC,SYR,TCD,TGO,THA,TJK,TLS,TON,TTO,TUN,TUR,TUV,TZA,UGA,UKR,URY,USA,UZB,VCT,VEN,VNM,VUT,WSM,YEM,ZAF,ZMB,ZWE,AB9,HKG,MAC,REU,TWN,XKX,GNQ,BMU,PYF,GGY,BHR,QAT,GUM,EST
2026-09-30,54997.11571717235,43342.166359553965,38.675184287668955,0.0,96.27035470368712,0.0,0.3315858265969914,80.82682402002683,0.0,307.32793818899415,175.11177938493253,6.342412193413832,523.5347944588087,3763.3180499841524,1725.5887924469255,0.13363345822514916,581.397397502864,0.0,0.0,3.1013732389645425,4.8411698564906205,1426.4136137319322,0.0,4.573984393948101,2.3170899914037606,563.5217639118044,368.7497213078754,2.8259162087038536,846.660377456957,670627.9211348277,15.594420868033717,2978.4891815518085,151765.39546291006,1193.8088641877491,17069.710479899215,0.0,0.0,18.30799207616476,92028.17529584847,16.172187055598247,0.0,38.18098806432833,53.75443884988091,0.0,0.0,2988.0604906674785,23.411827108523624,46.217567322280914,0.06628962889779856,8870.664261513648,0.0,0.0,0.0,5599.683269045373,679.3135002527607,623.471470218544,33.345372879910194,5.947197644602985,3374.881145372182,0.0,7.207821138704631,39.4346232162207,6354.928978417767,0.0,759.6262006738817,1.097539013568984,0.0,0.0,986.4158179570213,0.0,94067.77870834562,48740.90982631522,0.0,34975.70556526029,291.06512108683575,0.0,555.7982243541875,236.60384036144578,11851.92925130254,0.0,553.8860221591233,0.0,1861.8220770783248,7.833715153353921,560.4461391631784,173.5198640521424,0.0,123.21804747249301,7619.595964065173,1063.5098164189844,41.44822832462392,0.0,1803.0866824590053,0.0,0.0,0.08614925663790396,0.07723633304679202,4780.775508284885,0.7046198815186067,4221.579440098677,0.1657240722444964,57.627168146839956,0.0,17.408709234940225,15768.264183929097,22675.87682424009,0.6161328456946313,1.2408821120906708,80519.19126214944,0.0,0.0,0.0,393.1179653925247,0.0,13147.877506746943,14356.475040241154,14.968419380341174,0.0,31.982293891067563,30.58893899567227,17.384947992444573,32.01446004789529,38853.067373692684,13.118344405967614,338.7981934967143,63121.94418798429,0.0,0.0,0.0,0.0,285.74203706642487,3.1081344360462237,10550.6263766999,86.34092181649753,98.7693757051777,52.259267730281,0.0,29522.425927085344,56.213422934593716,0.0,1438.6805204841635,15.667901107362702,2309.043082741003,0.0,12564.15785193875,0.0,0.0,0.0,0.0,0.0,0.13062110904885765,0.0,183.1530745116952,506.2697666298521,0.0,44217.211444125736,27.107141324304045,7.837345488894355,0.0,0.0,22.60732966963083,45.29744357458286,0.0,2261.220613116055,28.553717971239994,230.11517383389491,30.22026067415608,27333.34624386355,0.0,0.0,5173.980200842669,1600.2812101588088,0.0,0.0,50.394588665268564,377.3443042047828,6.5936359917249,1952.2770346631257,6.43009400308646,84.8058496485941,93.29964493885,0.0,541.7638698261767,2.352507229015865,0.0,1.557806279098266,2.195078027137968,2.800603844066506,0.07723633304679202,0.07723633304679202,40.8633197844353,0.542974129796777
2026-10-31,2861.7212902161223,4017.895216066476,26.983416892993315,0.0,1215.0467162888954,0.0,0.10932626261306723,1.1321022975867538,0.0,0.0,3.3575283839219123,5.554696133575399,90.02066862444791,9000.384881851445,724.7087829663915,0.13658177731452756,760.560317558638,0.0,0.0,4.095676490712669,4.075362349388741,6231.441412937868,0.0,2.200716150780582,1.6037021125719686,628.6220378331733,787.0047035043843,0.8776174714978413,232.40737784000487,351045.70395628957,20.054248580258403,8952.432442854217,26891.61345759636,832.9124441483152,6152.675132764853,0.0,0.0,24.574221769435578,47528.94107778715,16.73470228568085,0.0,39.02336494700787,30.516726386006162,0.0,0.0,211.29167885971825,19.72254642054221,692.8151106041659,0.031894436967834526,5537.764505214404,0.0,0.0,0.0,6630.388683879144,338.94010423911976,79.08054210552588,6.236769464552281,4.116168755601386,3551.1981123682513,0.0,9.51865554786,7.310780040524652,68.31509423743502,0.0,25.612242455772396,0.7657456145308913,0.0,0.0,9058.45671633928,0.0,17.983898554998525,181483.9816294992,0.0,26333.542832405506,201.45171370758212,0.0,85.5314459632501,20.113629518072287,6000.245207323372,0.0,85.53655523359949,0.0,1301.4942788490941,2.582832954233713,1483.8537791711049,24.055473607100907,0.0,107.56624170085107,5273.6674837187475,1177.5340909386273,13.665782826633404,0.0,1176.667713811228,0.0,0.0,0.11376879140868526,0.05345673708573229,1757.2781012166793,0.23231830805276787,2268.985033591086,0.07973609241958632,660.9220179922885,0.0,2.8705709915880706,990.8235357725705,15363.718431529709,0.2338189402434413,1.268259360777756,61803.78735623486,0.0,0.0,3390.557512953368,802.560701436598,0.0,1335.4126393675863,16992.63911171399,11.643094016097857,0.0,26.14262300599003,63.56287955187787,0.7361838812642287,22.157817522036034,10537.611295233284,4.335452931950854,302.5206622223212,51864.48332044092,0.0,0.0,0.0,0.0,187.1734742275693,2.4772510231905445,0.0,4750.566841646798,180.96553449110593,19.832097386102795,0.0,5148.876598110104,38.15416535293057,0.0,5625.005175038986,20.54663372856705,3956.6067679130024,0.0,7336.376970462148,0.0,0.0,0.0,0.0,0.0,0.21344863293964936,0.0,2245.506872437907,5789.314997412123,0.0,12541.834137826561,8.937421968618246,5.223574031839305,0.0,0.0,7.0209397719827304,71.31607548572451,0.0,218.9892839945435,244.82303926030582,223.90120343211163,26.32732070519267,26764.267192918116,0.0,0.0,523.2925101734407,368.6718003926728,0.0,0.0,111.25361186400535,169.3792343818565,0.0,7.210000000000001,3.093760385879949,50.761295229468274,123.21160109560613,0.0,112.87464050256096,0.8927632263840486,0.0,0.7495192687441113,1.5314912290617826,1.062813364742915,0.05345673708573229,0.05345673708573229,20.388550885768588,0.3082497614748097
2026-11-30,48926.93713333632,7793.2921848738515,10.268337888169874,0.0,345.59557786855925,0.0,0.15127119659500496,85.25649093304824,0.0,10.79524397005822,140.57968837222944,1.3378408053760011,56.41841403889339,2580.941631349188,947.1117959076454,0.030383517054643695,530.3227284912707,0.0,0.0,6.461593572560482,146.95780542392825,1391.916851042221,0.0,3.612520937071933,2.213410287734075,348.99485965961446,2278.0741035047754,1.2391335472864247,151.61221371213304,61546.46066601227,26.04627199100653,316.8075306826832,120298.01549155013,316.95861356969766,13949.459353773282,0.0,0.0,41.68007026244862,68294.21072488339,9.653071945265857,0.0,8.681004872755341,29.066138951819667,0.0,0.0,3913.127224190061,10.135799128823086,664.793877922578,0.05235537589959323,1164.7580384353116,0.0,0.0,0.0,4140.19114262895,358.78501057532924,334.3125,3.144583676380941,5.681086405184126,1010.2705933607476,0.0,15.01722209919149,36.582918371475245,47.4393982958049,0.0,4.458954892174578,0.29139877790752344,0.0,0.0,4859.882389742126,0.0,41.962429961663226,37772.95429380112,0.0,26813.42786105228,278.04122231086205,0.0,6.987524420077362,84.16296068842497,6758.039250829362,0.0,39.37633976324225,0.0,1370.2661788975504,3.573782019556992,3092.783444979778,11.347554437077546,0.0,29.164554166333225,7278.652170527656,318.89022457192914,18.90889957437562,0.0,1503.0053017134614,0.0,0.0,0.1794887103489023,0.07378034292446917,1358.8267544422215,0.32145129276438555,7488.299413602544,0.13088843974898307,1014.5718514294553,0.0,0.28677032882997705,252.6921656481811,16074.458097893426,0.30822726075918544,0.2821326583645486,66660.34270858008,0.0,0.0,1109.4020512820514,782.2938655127509,0.0,6680.307022616603,2270.747227676161,1.3692055564012728,0.0,0.0,174.752298301747,22.53119357566691,30.58195214219247,11363.904060496408,2.940537928046231,3720.482309015924,0.0,0.0,0.0,0.0,0.0,301.14123623745496,4.169593556404329,2287.2847109227077,301.61736765334194,560.3167606766956,26.14327584439273,0.0,76952.22842957552,36.98510967512519,0.0,24.542718221810603,89.59961963998242,7319.392512985717,0.0,3709.4030239583335,0.0,0.0,0.0,0.0,0.0,0.19674367073997892,0.0,5133.303978779841,1926.1202298490903,0.0,14198.128108762756,12.366420321641655,10.017037664782443,0.0,0.0,9.913068378291397,11.46744308185853,0.0,2.645847602091067,443.39009496932965,378.44671986511014,6.866633922622988,29520.384881165202,0.0,0.0,206.29453698733906,1998.0031075664203,0.0,0.0,19.93406406013417,295.59933040945674,0.0,72.1,5.078471462260543,94.29701019535312,194.38627330786116,0.0,0.0,1.1768677228987081,0.0,1.2303513336404408,0.5827975558150469,1.401033003450843,0.07378034292446917,0.07378034292446917,21.58229832845442,0.2935973631496936
2026-12-31,62499.35681797808,1072.4588612013172,22.528596139795464,0.0,138.67824237000178,0.0,0.21994343980275302,0.0,0.0,11.350000000000001,2.5094094059404144,7.7556494523533885,82.76028483878945,7149.819773277614,1372.648100112341,0.17723818398520208,473.3029290520264,0.0,0.0,1.0788888784340989,327.19765672241715,57167.56044704291,0.0,4.067512566545322,1.5164239643632516,1603.6752733272428,3122.7707894577798,1.622218326786034,150.60204917719045,86207.77801422366,20.077560650309657,786.7070051407181,143500.0876814504,695.4029635475783,4402.79307949118,0.0,0.0,60.16443655633537,175880.05742616853,10.570858151219992,0.0,50.639481138629165,22.74657242100212,0.0,0.0,13135.256993413674,16.928985278022097,141.89886756506334,0.05894945748616408,1158.5913892536512,13422.216140602779,0.0,0.0,5800.681990985504,333.7485737571798,40.125,31.083094026351215,3.892154841865679,2122.4717130815447,0.0,2.5074176711755447,59.14130467281568,6.3965317144436975,0.0,193.1264599570797,0.6393250255887902,0.0,0.0,21025.477195389656,0.0,0.0,2899.360424248079,0.0,25100.284223863735,190.4881236567638,0.0,221.05126098366725,99.56221246340444,11354.575851482006,0.0,40.84238563167146,0.0,1558.2476087089476,5.1961637653400405,1289.2373157554796,6.262869218732355,0.0,147.7446940138769,4986.659111877595,29.189346233182825,27.49292997534413,0.0,1658.865235304516,0.0,0.0,0.0299691355120583,0.050547465478775054,2609.2738589560036,0.4673798095808502,2765.177124724603,0.1473736437154102,173.635250572171,0.0,11.49375477950548,834.9695786873132,21162.213964884893,0.4729763891608172,1.6457831370054479,38264.066029793314,0.0,0.0,6420.833333333333,1606.7340078785257,0.0,1272.4927106238688,5606.091239860921,0.43037216771642084,0.0,14.658223902272614,184.1826668154373,0.6633017826891096,20.95192444095226,24228.74421505787,3.3550414201252954,104.41315950455962,865.7954941017211,0.0,0.0,0.0,0.0,324.11433387814606,5.058117378598574,72029.43260991675,0.0,284.95995435618846,40.11699737154931,0.0,5741.3310479060165,68.50453267872255,0.0,26.858068997453117,8.08177479166475,899.8886034040212,0.0,4512.0957109375,0.0,0.0,0.0,0.0,0.0,0.28122805951521906,0.0,63192.82859898722,80.69096960473352,0.0,16859.918073594286,17.98037620387506,4.766282991618152,0.0,0.0,12.977746614288272,65.45350506502294,0.0,184.71192893401016,0.6474765979873014,900.1745080996409,36.77919558891755,3187.42688079007,0.0,0.0,580.3811627865612,481.27121974166425,0.0,0.0,155.83358602687818,0.0,101.67753388344603,0.0,5.718097376157916,15.205363947206571,32.45657375955914,0.0,1176.4549830786568,1.80590984952312,0.0,1.3853122509248559,1.2786500511775805,2.1498926780037144,0.050547465478775054,0.050547465478775054,20.07626035985497,0.22976335778790022
2027-01-31,0.0,84.39994066885201,11.767602514637577,0.0,815.2434133625668,0.0,0.17514060408570845,515.5532797870908,0.0,2.0558173921079383,193.55440264044995,2.897037767794375,198.84392080198384,4337.443539475752,1023.4805324823958,0.07040657137624995,419.04376916143536,0.0,0.0,1.984027254553212,267.28437165069187,2064.980576239709,0.0,3.5276449139941684,1.3131574303318445,945.5013689834989,1582.5866091456842,1.116948179502419,298.3055872954376,0.0,15.11078766348879,79.54616740179978,23936.292029934608,363.2372657288534,10427.050136085682,0.0,0.0,34.87293513539506,43898.13076384242,10.026989645460473,0.0,20.11616325035713,21.002063418514467,0.0,0.0,7570.836959923157,10.494567596669146,501.3711609415642,0.05112528860861114,214.78282958438933,0.0,0.0,0.0,2312.8008612281697,403.17093460510307,246.1280870657179,4.748356922738293,3.3704374045184013,405.5607339041318,0.0,4.611026304563484,48.47008865485825,13.685665223495679,0.0,0.0015267827829176103,0.333945476766742,0.0,0.0,2675.098567486999,0.0,8636.801667077345,20738.190196601725,0.0,21685.80870011723,164.95445920685188,0.0,102.05605883148742,153.2874320368047,6272.1185280001655,0.0,100.2853586120806,0.0,4311.437563451776,4.137696771524862,3509.251268137924,24.489280356192225,0.0,55.84396434754988,4318.230665817582,434.5374945667123,21.892575510713556,0.0,2612.7169441878877,0.0,0.0,0.05511186818203367,0.04377191434439482,1860.1581308655407,0.37217378368213044,557.180989299845,0.12781322152152785,12.59962520418379,0.0,154.65967016491754,988.5665343061756,17651.803704280614,0.16892704308539644,0.6537753056366067,23537.856995997114,0.0,0.0,977.5,303.67475807273,0.0,1595.7498723620577,6000.833955060836,1.1280707934813428,0.0,35.50542939715308,23.731859893202568,92.02576945281736,18.143458495751652,191.19349549374246,2.754046018492887,161.31249574309751,0.0,0.0,0.0,0.0,0.0,179.5724670196944,1.6097773175515857,36869.03475336323,0.0,951.824006412574,14.32808465442499,0.0,12151.292280316355,43.01306399348803,0.0,673.9932859009356,3.4308761643420507,24296.310077739203,0.0,18111.008827807967,0.0,0.0,0.0,0.0,0.0,0.1869598844400181,0.0,0.0,642.0121751745914,0.0,14536.909645763833,14.317744384006666,7.870308599543778,0.0,0.0,8.935585436019352,27.415563394912876,0.0,1.3477157360406091,0.07769719175847617,1838.1358657155513,13.953093264745167,6320.018756917298,0.0,0.0,1270.6382888258288,1572.3819909784731,0.0,0.0,44.182127046425634,29.911339903187756,2.297036163324717,0.0,4.95915299503528,41.2463617702323,59.68615324114246,0.0,45.81892673867005,0.6449941645078773,0.0,1.2014442823023617,0.667890953533484,0.7678501958427111,0.04377191434439482,0.04377191434439482,24.25228237393774,0.2121420547324694
2027-02-28,0.0,756.4940168719712,10.70758584809262,0.0,734.1298940774931,0.0,0.14806517881492373,36.70232579232772,0.0,0.0,5.257805260584724,2.916122831833822,86.98421947088485,13114.927782205568,896.2123090108314,0.05509313288863789,112.75410706433391,0.0,0.0,0.5495139031446638,253.9464130729295,1192.5252540757408,0.0,2.1848553028600515,0.987607339861218,342.1162822897816,1416.9166041979336,0.7656297373828637,175.67383731191003,60755.7155910103,19.971609465741818,2150.621000479943,51482.77627055528,330.5171296515293,8570.860354565784,0.0,0.0,25.240397254109016,34465.71961968104,7.196909073643705,0.0,15.740895111039398,14.644103291527385,0.0,0.0,18019.094702063503,8.635278335718576,1162.7321255531535,0.031664569606667414,567.4506283258316,23448.145404114566,0.0,0.0,3447.711063121859,203.3148624050473,1.8948365703458079,1.1944309071605579,2.534858838977126,685.7187144547557,0.0,1.2771110156417649,6.556182887029385,18.79051734779774,0.0,0.1370861780131157,0.30386392271614193,0.0,0.0,1971.0270168133839,0.0,40629.09266195299,0.0,0.0,33037.2582833201,124.0599420089,0.0,8.629079165900947,32.79194396784125,6668.633801270145,0.0,17.7592617736224,0.0,965.8821710269426,3.498039849502573,916.002916349036,64.2028424397877,0.0,56.43878137533228,3247.680896644291,1339.4401146904513,18.508147351865468,0.0,1081.7588285430718,0.0,0.0,0.015264275087351772,0.0329202446620406,1248.0497753716033,0.3146385049817129,296.8889076148982,0.07916142401666854,1098.1285996118775,0.0,1.1485151669640583,8072.2854483950605,26643.226453717223,0.32294675086771046,0.5115790911087804,11429.563092169292,0.0,0.0,235.8317512953368,1065.1570091681588,0.0,3047.8757739103075,27824.692832602144,0.38968654122217483,0.0,1.3576050691292614,0.0,42.863622168867295,13.645441412415828,0.1112365248400975,4.054588667049371,567.1270168258013,0.0,0.0,0.0,0.0,0.0,290.6385945924128,2.4305369685889904,39791.331845205656,0.9571984435797666,159.84061217984942,27.391756232688532,0.0,16273.358693698985,46.44260036373403,0.0,47.2331558231072,3.1097175042534175,2718.414235835882,0.0,13321.430880429094,0.0,0.0,0.0,0.0,0.0,0.09575449782381554,0.0,0.0,288.08224466460695,0.0,5943.0545401982135,12.104328368120015,5.03954650166676,0.0,0.0,6.125037899062909,48.2495782482906,0.0,5.053934010152284,6.155640514155835,3541.59873255445,13.847674879663273,6785.5022922215385,0.0,0.0,663.9902316501931,496.50998572829013,0.0,0.0,127.90532691516981,0.0,62.53042889050619,0.0,3.071463251846739,47.85244492157621,16.53120991960197,0.0,0.0,1.2330694124039854,0.0,0.7441173857566843,0.6077278454322839,1.467939776671411,0.0329202446620406,0.0329202446620406,12.230170953903615,0.1479202352679534
2027-03-31,0.0,7089.956978434835,26.21463918652744,0.0,3113.983300902711,0.0,0.26556248630131235,0.0,0.0,3.612492540282475,112.42419870949554,7.7619534294054136,0.8449074236302475,19576.85738512112,1381.5533021970684,0.18501071260277663,153.44043823023497,0.0,0.0,0.8016156103843173,30.40875679836293,16020.039136782403,0.0,5.230985612212841,1.9364453536106745,204.0462799717157,1734.924233133044,1.6031372536634776,560.9199722858078,268382.04328363104,22.953185310698743,1149.648689794684,50674.77034183927,809.1821463495402,8430.469706507683,0.0,0.0,19.16480631679594,82573.723707526,7.069438724321094,0.0,52.86020360079333,43.16635629741187,0.0,0.0,1951.3303572462337,4.611835417905776,1191.3092585057468,0.07581138568424407,1555.2584471511698,0.0,0.0,0.0,4482.288240876958,392.4056204965404,0.0,377.9582440569909,4.970209740934065,1430.07820842923,0.0,1.863014057467256,12.478317096903623,5.939529857928812,0.0,0.5383328001751004,0.7439289498879408,0.0,0.0,144.052441714256,0.0,1451.1868529083567,0.0,0.0,28842.293053215803,243.24981050272757,0.0,57.261976374213845,46.52236445783132,9629.436557396863,0.0,4063.737206572746,0.0,1415.029213809553,6.2739137388685045,1013.6866363333316,112.13571762732097,0.0,151.12910414692996,6367.871448991796,436.6114929720624,33.19531078766404,0.0,569.7093017297817,0.0,0.0,0.02226710028845326,0.06454817845368915,2647.019701272323,0.5643202833902887,1014.9860070134446,0.18952846421061018,102.48998526767728,0.0,0.0,4486.10623322104,27845.704244562898,0.34877680057930754,1.7179566170257832,18403.736661109113,0.0,0.0,7566.325333333333,551.4256778664551,0.0,1417.084477503523,20734.67178189152,0.7909445606876646,0.0,17.920053112746658,0.0,33.720295939185924,26.755219969054153,0.0,3.787899212520029,11113.84577399947,0.0,0.0,338.05344352617084,0.0,0.0,465.58468308217056,6.36188374641489,0.0,0.9571984435797666,24.405212026166915,29.58261408549945,0.0,10041.591098278817,48.26719889852231,0.0,792.2148455942611,0.05598831159706229,164.41851631331286,0.0,54194.858237636196,0.0,0.0,0.0,0.0,0.0,0.20105330857115816,0.0,0.0,1757.2339358564184,0.0,17806.906108471856,21.709733255132285,6.500678375076762,0.0,0.0,12.82509802930782,48.44969356058784,0.0,15.330266497461928,0.20071774537606343,5753.389811458276,37.173909429739766,3625.547920544192,0.0,0.0,236.3519914683368,1098.3928698881753,0.0,0.0,169.97713109527032,361.83174140280704,3.516450422867468,22.948080366023472,7.353704411371675,54.008485907354356,24.11526961239488,0.0,28.74910061317139,1.331693238575538,0.0,1.7815675635797357,1.4878578997758816,1.5853490935423071,0.06454817845368915,0.06454817845368915,23.60470732525343,0.4360238009839583
2027-04-30,1762.6240153440037,51751.21426563078,26.994779162261153,0.0,1059.2852582382848,0.0,0.17389463831342927,1.3043576154405134,0.0,1.7726180574808243,85.49672161149921,8.936090962576497,50.79512813939295,20280.81181107482,508.6053021508438,0.20198813350890266,95.10114923264328,0.0,0.0,1.428660137092201,93.81619365360594,4974.8730949224955,0.0,2.6863982523473844,1.580434064795061,1518.569185618641,1133.1538891527036,1.2292083260105306,225.36054955181945,55918.85448154707,21.32979766665157,14222.533399026079,2354.972885870349,833.2631697626612,3573.307282371086,0.0,0.0,30.77770238668683,33187.587036886434,9.72312771768587,0.0,57.7108952882579,30.748402927277386,0.0,0.0,14118.288728245188,12.193298435834125,114.1236726552921,0.038933308005034556,4203.035758320828,16734.268126016912,0.0,0.0,6124.337418012564,188.64018376798828,0.0,54.20167231688551,4.0564474329739895,2387.0637923022045,0.0,3.3203119852790963,16.289483458040095,451.71794101647856,0.0,0.7387601966512051,0.7660680573074111,0.0,0.0,453.94576827522684,0.0,13130.69021944265,341.328870019595,0.0,14274.587412968865,198.52885910600622,0.0,27.864679932717635,61.86748260293369,8356.604028662441,0.0,531.6964765824548,0.0,1222.4543707277207,4.108260830154767,514.5287529554366,52.03713453143195,0.0,172.56946372941363,5197.152059807571,449.038977145411,21.73682978917866,0.0,1393.2332863685635,0.0,0.0,0.039685003808116695,0.0526811354931687,1233.407573358871,0.3695261064160372,1336.3053041821415,0.09733327001258639,748.8031691544918,0.0,1.7447713078537985,5426.480983826914,18873.87570451189,0.32733998147993076,1.8756040968683818,19666.88012496997,0.0,0.0,2705.72,824.0893704830088,0.0,0.0,4484.2309666899055,0.26805627141177796,0.0,70.75964590084388,10.754414532980585,39.05290125615663,21.836330661918424,0.0,4.030817329133271,7249.234655138821,0.0,0.0,0.0,0.0,0.0,121.60177225333479,4.185504333530636,22955.97953591926,0.0,712.1334439879325,27.764382065525037,0.0,1441.8663091369344,25.0259995115539,0.0,578.3499787213549,0.0,118.9153394899579,0.0,72890.83439152552,0.0,0.0,0.0,0.0,0.0,0.3712051434545184,0.0,0.0,8042.577419043294,0.0,11070.407894366765,14.215886682122843,5.221153524795413,0.0,0.0,9.833666608084245,19.526069904492097,0.0,94.7107233502538,19.54305159764836,3319.69214894268,42.680584533474764,761.2978306819292,0.0,0.0,318.1917582417583,637.6880957851179,0.0,0.0,170.81817362502844,0.0,981.9432232013894,0.0,3.776530876488352,48.35210124585729,42.97885912419038,0.0,139.4772120701255,1.2498435656506448,0.0,0.9149327381183121,1.5321361146148222,1.487909006726958,0.0526811354931687,0.0526811354931687,11.347432592812833,0.31058992855835743
2027-05-31,0.0,38515.61730889428,16.32495152336673,0.0,276.4977981709325,0.0,0.04902135591773853,3.354065765995412,0.0,0.0,83.29715757011562,6.067891282495822,37.63407288631127,33854.36267526084,408.53082709796655,0.14109435262315023,212.35936542609866,0.0,0.0,1.0684414498296324,18.028639149210207,1253.4488065856515,0.0,4.415341083679191,2.0362689152820312,1658.773017401078,1432.9072687123678,1.3655264129493911,431.1398963839002,1708.7203908319968,25.684057530718427,1069.840210216786,134752.5219210682,503.9115441847877,11229.641484970523,0.0,0.0,18.607513282614935,71751.66662385463,5.152753730592172,0.0,40.312672178042924,9.740140675844206,0.0,0.0,75.75514375714884,28.57494798761512,3337.142763875173,0.06399045048810423,5983.579209873365,9616.649262458519,0.0,0.0,2300.1897502196,130.29924681595656,51.877072477498814,12.108977909037225,5.22642354922388,2907.7256903667203,0.0,2.4831370732151643,30.41956523316618,68.81903223088774,0.0,3.6146262720444233,0.4632756513387857,0.0,0.0,632.8016625730431,0.0,1554.7074569789675,139.31790613044694,0.0,31940.30953174542,255.78931357467783,0.0,226.3618070599987,0.0,6292.443521768066,0.0,535.4964635569255,0.0,3215.0763317228307,1.1581295335565727,3910.014909949109,0.10041419052764272,0.0,116.8638458708413,6696.134576643941,84.96264411983323,6.127669489717316,0.0,1117.4319704346885,0.0,0.0,0.029678929161934237,0.06787563050940104,2124.5409747830354,0.10417038132519436,2229.328490152614,0.15997612622026058,483.8007556173757,0.0,1.8019203523443228,5620.22127569068,22662.87840874082,0.1849765298679263,1.310161845786395,8594.509563666084,0.0,0.0,0.0,174.8157227503267,0.0,97.88023372875315,7179.626327415971,2.4770001537534556,0.0,1.1062077132153019,14.04462695508683,35.21514275500847,28.134448846146732,0.0,3.110084878884524,4.598632430659789,0.0,0.0,0.0,0.0,0.0,308.397353573114,1.1235649982271907,5578.952735595879,248.3929961089494,193.6816666649567,15.689372942434112,0.0,4305.905644214182,35.21427255829543,0.0,508.7349500457146,4.241511544918992,462.000804652561,0.0,21487.09079342907,0.0,0.0,0.0,0.0,0.0,0.24509953358825542,0.0,1750.4374158815613,11474.643268775519,0.0,6125.074500393456,4.007495846275124,5.005704233813496,0.0,0.0,10.92421130359513,31.555865967703106,0.0,275.2709390862944,0.0,7134.912858751603,29.212181677338542,17147.884044876686,0.0,0.0,36.526888898654114,522.2644962212079,0.0,0.0,119.56217349500702,91.63282387190682,9.65149962289074,0.0,6.20707369734611,22.2734813570051,32.14228028237478,0.0,73.60817168858206,0.7062740231320822,0.0,1.5037755864704494,0.9265513026775714,0.8408024084905741,0.06787563050940104,0.06787563050940104,7.838000846929079,0.09838525935196168
2027-06-30,569.4239569463801,7220.723483755506,23.692772366451454,0.0,13.088785766324294,0.0,0.28504092716244933,351.36143471725774,0.0,30.0939244409548,79.73376471217884,6.869871429086763,71.10300525506753,6538.145119520026,797.7645266714293,0.1628687578383462,149.56698630525113,0.0,0.0,1.594372467515368,155.57097886944604,21455.541437324635,0.0,2.1857744206146776,1.0373378477525046,13584.142117309717,1277.0132979976156,1.3817089561669516,348.0514254875015,27868.432897642517,10.352371157150076,1196.2746790961512,3849.9864259611654,731.3382518844379,12810.78450369112,0.0,0.0,24.2369716211792,94319.13325270294,14.449069859766249,0.0,46.53393081095605,23.252579351874957,0.0,0.0,3076.760908225611,4.9710146498251255,245.3537282336565,0.03167789015383591,2083.5377284200804,9143.842188437058,0.0,0.0,9252.810751903075,199.6256116373831,176.555813710315,919.1422724833416,2.662500475898095,2306.0199030284675,0.0,3.705439716169976,27.992062467795662,335.00972420987864,0.0,0.28060375960737105,0.6723624590479467,0.0,0.0,11262.505531034247,0.0,1200.4252285461516,0.0,0.0,31691.328134521307,130.30692264184378,0.0,68.6027865054429,0.0,7597.748946632615,0.0,5378.843079220964,0.0,360.0153510427959,6.734091904212866,8489.416704062358,53.47880321981456,0.0,131.9898067437154,3411.216356477594,163.2963848565612,35.63011589530617,0.0,2009.028426441374,0.0,0.0,0.044288124097649116,0.03457792825841682,3737.551890389683,0.6057119702202048,6920.294622743397,0.07919472538458977,340.50108706703224,0.0,2.6964104938569253,8645.866119810382,27188.52429603677,0.41398005703070945,1.5123527513560717,23858.850200232384,0.0,0.0,55.09219609406138,1497.9722546472408,0.0,5636.525446650066,3648.972914458254,1.9387147487691174,0.0,5.9349190361151845,0.0,310.02242258362253,14.332551263113771,1512.1444573884228,3.4761952122485456,124.06457334158614,0.0,0.0,0.0,0.0,0.0,436.267149997997,1.3599072130690237,3181.9578559270635,0.0,216.02358272840925,35.113035746331995,0.0,1010.3846141311265,31.516140005604587,0.0,2.167369054786273,28.188033676790646,116.4706184262865,0.0,17206.802774586242,0.0,0.0,0.0,0.0,0.0,0.232807674870258,0.0,27927.062012113052,1426.7402250131565,0.0,11062.820249778488,23.30209579553023,8.383952059962802,0.0,0.0,11.053671649335612,22.216261333158307,0.0,372.5431111318609,0.0,240.77106158489966,32.74102074041428,3888.629583998687,0.0,0.0,892.4697279932927,1211.1456619429175,0.0,0.0,56.307177674024715,519.4341647353149,7.808169853115694,124.20648498110205,3.0727553449220832,36.824470183159626,47.964038397753995,0.0,0.0,1.580651126844527,0.0,0.7444304186151439,1.3447249180958933,1.8817275319577702,0.03457792825841682,0.03457792825841682,12.008248330802584,0.23487453890782786
2027-07-31,3607.8225875756493,91.0273672121734,24.700482697132745,0.0,70.64471323732181,0.0,0.06909378262844218,0.0,0.0,70.43726468788347,138.20588965725065,12.876385692793365,15.182146504041485,3695.541618593515,754.8742702922323,0.29351039574439886,210.88442518002495,0.0,0.0,1.1021303932115294,27.24152725389827,82769.052438945,0.0,1.5643451298378404,2.2390088088348548,917.1387058179558,1588.5960559310931,1.2711876007452043,349.57293241166013,174750.5146877905,18.174730715175848,1990.0421709324678,64620.47872720364,762.4438186052786,7051.505727782899,0.0,0.0,17.029072662014006,40495.44766698263,11.283881023681595,0.0,83.86011306982824,40.33725658511898,0.0,0.0,5798.860471435457,8.214360236899205,280.2121980967008,0.022671668548374498,6031.784524034362,1679.4773988430984,0.0,0.0,9994.92691302766,145.47105806799786,1.3619137849360492,208.7430063349193,5.74678927600946,4459.658389677858,0.0,2.5614326731119803,63.370563221646876,1765.7324904115076,0.0,0.17201302309136368,0.7009596441078212,0.0,0.0,2122.9735168562243,0.0,0.0,0.0,0.0,25126.699514016833,281.2568232031383,0.0,31.478409361124335,0.0,3848.210910003812,0.0,201.67648156127063,0.0,1683.263201913044,1.6323406145969466,5211.710913949865,70.67934633564019,0.0,247.2625289486688,7362.831200599498,919.5619208405333,8.636722828555273,0.0,899.7893924523046,0.0,0.0,0.030614733144764705,0.07463362696116183,1862.4421433924579,0.14682428808543962,3899.721377688113,0.05667917137093624,327.92877659326206,0.0,0.4428516227641491,505.5642015081591,41964.48414295828,0.21215399434660798,2.725453674769418,66886.9788832573,0.0,0.0,4268.589872566868,993.1925430344446,0.0,10335.123644629148,5632.082614015521,8.332166070994086,0.0,0.15126724909702716,26.37850662234325,12.684602353087456,30.935638375401577,28.842904463056012,3.704348495413936,51.47241211861307,30212.20950476715,0.0,36.78936971520465,0.0,0.0,301.3776732305643,3.303900824060006,733.1381877900271,1.2856707935863607,531.0882279107591,17.994516065944115,0.0,2024.6921426287495,33.27538960246598,0.0,17.57977122215533,13.152517688987494,182.878075125642,0.0,1796.3350881288284,0.0,0.0,0.0,0.0,0.0,0.1454318708834492,0.0,0.0,385.4532662281933,0.0,18664.108165208636,5.648416729875148,6.9328012474717635,0.0,0.0,10.169500805961635,81.73529452666223,0.0,875.6538217493168,38.95473011981297,96.04298061200655,61.662598936904764,5605.516388700663,0.0,0.0,115.66483869600836,984.3290130023023,0.0,0.0,107.67906142305966,313.63427915927144,0.6083168938543654,3.227073801472051,2.1991518491923263,57.18020405101126,33.155755995780176,0.0,0.0,0.8100425238688669,0.0,0.5327842108868007,1.4019192882156424,0.9643363379391272,0.07463362696116183,0.07463362696116183,8.750643646859563,0.40744703621332307
2027-08-31,444.0997379389509,19931.908878334616,16.91437889142266,0.0,1311.1438821654444,0.0,0.17726935148683023,8.45771144278607,0.0,1.0909293959768072,30.11202583084365,13.688352255623458,22.74326551715262,4055.7531589324676,897.6575875872763,0.3131389505687905,88.27145435042127,0.0,0.0,1.4731622195053873,78.73975169226685,21419.288210268936,0.0,2.6890055079578246,1.151223265152174,1065.9909692827046,954.8023605263592,1.2314755641331694,300.1234458958309,2023860.5398465418,13.807237314355248,8230.051011992378,27076.524649755986,522.1057332944276,23348.519067321704,0.0,0.0,96.26450048807664,89866.46326882535,14.330227424773952,0.0,89.46827159108301,13.73486321389747,0.0,0.0,680.681230724414,17.307543698639407,399.35428224121716,0.03897109431822934,6403.04716180923,6434.406960678922,0.0,0.0,5861.881527769856,220.22613385510692,57.69230769230769,81.35069522554001,2.9548063805572466,2089.702117780868,0.0,3.423738121257891,100.72286375109712,5930.503184958619,0.0,39.381155649624375,0.4800026442160485,0.0,0.0,1401.9907260399473,0.0,0.0,0.0,0.0,16829.15199525562,144.61282915753225,0.0,24.837445826371372,3.5988910472504823,6724.076624200781,0.0,331.0027651611917,0.0,2763.728496680984,4.1879884288763645,4828.7739653469625,107.78678647077719,0.0,267.7652652996464,3785.7209592352474,338.60052870723763,22.15866893585378,0.0,1689.7689806113513,0.0,0.0,0.04092117276403853,0.0383741088384058,1916.8379814834989,0.37669737190951424,659.7695185210821,0.09742773579557336,4276.090527000465,0.0,0.6371933276529957,592.7885105633248,30432.56026626689,0.17274031572219997,2.9077188267101977,4951.245663185483,0.0,0.0,0.0,1604.6008597513403,0.0,2624.1436868897704,8409.280718270265,6.226895943134577,0.0,30.148054246632157,46.947064155847755,1764.2290297011236,15.906068113519204,21452.465693940318,4.070269989722446,1837.0433964405988,3022.888373652754,0.0,0.0,0.0,0.0,353.1190780110388,2.955205880312964,1987.7887801544773,0.0,275.55512793318866,14.651519506255688,0.0,39566.33946744968,27.60148737760827,0.0,215.53281155930162,4.302870297839688,118.07137689371146,0.0,11138.483773239213,0.0,0.0,0.0,0.0,0.0,0.13173203367360461,0.0,0.0,1500.3348099007983,0.0,15577.999663951405,14.49176948404837,9.08099004443243,0.0,0.0,9.851804513065355,87.77188298201912,0.0,141.02562255954706,139.0434320976399,100.45498937110531,65.34301013539958,65358.265276313105,0.0,0.0,271.0740616980298,2557.773865306556,0.0,0.0,135.88593083479273,22.962720942580425,4.4397144153466845,5.131042944785277,3.7801961488682463,98.52121023646139,44.31763010345374,0.0,732.8519247361917,0.6595539327574909,0.0,0.9158207164783896,0.960005288432097,0.7851832532827272,0.0383741088384058,0.0383741088384058,13.24744897497643,0.1387359920595704
